smiles,gap_eV
CC1(CN1)C(C#C)C#N,7.447127819061279
C1CC11C2OC2C11CO1,8.780864715576172
OC1CC1C1CC(O)C1,8.495041847229004
OC1C=CC2COC12,6.789028644561768
CC1OC1CNC(N)=O,7.292603015899658
O=C1CC2OC2(C1)C#C,5.977783679962158
C1C2CC3(COC3)C12,8.767555236816406
CC(C)(O)C(C#C)C#N,8.081517219543457
CC1COCOC1=N,7.600316047668457
CC#CC1(O)C(C)C1C,7.502736568450928
OC12CC1CC2CC#N,7.93356466293335
CC1C2C(=O)OCC12C,7.352076053619385
CC12OCC3OC1C23O,7.78271484375
CC1C2C=CC3(CO3)C12,6.393712520599365
OCC12NC1CNC2=O,6.8750996589660645
OC12C=CC3C(C=C1)C23,5.853831768035889
c1cnc(cn1)CCO,5.656707286834717
CN=C1OCOC2CC12,7.3168044090271
CC12CC(N1)(C=O)C=C2,5.499399662017822
CC1CN1C(=O)CCO,6.939399719238281
Cc1c[nH]c(c1O)OC,6.128114700317383
CN=C1OC2C3CC3C12,6.907196998596191
CCCC1CCOC1C,8.804418563842773
CC1(OC1C1CN1)C#N,7.373833179473877
CC1C=CC2OC12CO,6.755008220672607
CC12C3N=C4NC1C4C23,4.916083812713623
C1C2C3NC3C3(CO3)C12,8.006248474121094
CC1=CC(O)C2(CN2)C1,6.5216875076293945
N=C1C=COC(=O)N=C1,5.2351179122924805
NC1=NC2COC2C1=O,5.026193618774414
C1OC11CC2OC3C2C13,8.46094036102295
N#CC1NC23CC(C2)C13,7.040133953094482
N#CC1OC23CC(C2)C13,7.438218116760254
CC1CC2CNC12C#N,6.919959545135498
NC(=O)C1(CCO1)C=O,5.46591329574585
CC1(CN1)C1(CC1)C#N,7.732000350952148
C1C2COCCCN12,8.137237548828125
CC12CC3(O)C1NC23,8.1345853805542
CC#Cc1ncn(n1)C,5.913261413574219
OCC12CN1CC=C2,6.258547306060791
CC1(O)C2COC1CO2,8.228342056274414
CCC1OC(=O)C=C1N,5.870563983917236
CC1(CO1)C(=O)NC=O,5.85279655456543
CC1=CC(=NO)CN1,5.344184875488281
CC1C(N1C)C(=O)C#N,4.933895587921143
OC1CC=CC(C1)C#N,7.002811908721924
C1OC1C1OCC11CO1,8.498141288757324
O=CC(=O)NCC1CN1,4.810662746429443
C1C2=C(COC2)C(=O)N1,5.652676582336426
CCC1COCC=CC1,7.15725040435791
Cc1c(oc(=O)cn1)C,4.416872501373291
CC1C2CN1C(C)CO2,7.90992546081543
CCCC1CNC(=O)N1,7.857940673828125
O=C1C2CNC1CN2,5.805962085723877
NC1(C#N)C2CCCC12,7.495981216430664
NC(=O)N1CC1CC#C,7.557340145111084
CC1CC=CC2OCC12,6.844245433807373
CC(C#N)N1CCCC1,7.208059787750244
CN1C2C3NC3C12C=O,5.36943244934082
CC(C#N)C1=CN=CO1,6.705291271209717
CC1=NCC(O1)C#C,6.774906158447266
CC1OC(C)(C#N)C1=O,5.985682487487793
NC(=O)C12OC3C1CC23,6.8944830894470215
CCC1=CCOC(C)C1,7.045217990875244
c1c(onn1)CC(=O)N,5.9517083168029785
OCCC1CCCOC1,8.749412536621094
CN1C2CC=CC1C2O,6.315913200378418
C1OC2C1CC1OCC21,8.433690071105957
CC12NC1COC2C=O,5.609612941741943
CC1CCC=C1C(N)=O,6.3588457107543945
C1C2CC3OC2C1C=C3,6.316310405731201
OCC#CC(CO)C#N,7.520959854125977
CCCC1OCC11CN1,8.411112785339355
O=CC1OC(C=O)C=C1,5.174164772033691
CC1(O)C2CCC12C,8.426872253417969
CCC(C#N)(C#N)OC,7.787601470947266
CC1(CO1)C1(CO)CN1,8.442066192626953
O=C1NN=C(N1)C1CO1,6.202019214630127
COC12CC3C1C2N3C,8.204545021057129
COC1=CC(=O)NN=N1,4.903632640838623
OC1C2C3CC3C12C=O,5.559149265289307
COC1(C)CC1(O)C#N,7.558488845825195
CC#CC(CO)CC#N,7.744113922119141
CCC1=CC2C3CC1C23,6.548408031463623
CC#CC1C2C3CN1C23,6.848195552825928
c1c2c([nH]n1)COC=N2,5.879945278167725
CC12OC3C(C13)C21CN1,8.107808113098145
OC1CC=CC(=O)C1,5.239253044128418
C1C(CO1)C(CO)CO,8.632765769958496
Cc1c([nH]nn1)C(=O)C,5.436126232147217
COC1(CCCO1)C=O,5.764331817626953
C#Cc1conc1CO,5.516234397888184
C1OC2C=CC3C1OC23,6.366793632507324
COCCCN=COC,7.350497245788574
CC1(CN1C=O)C1CC1,6.819557189941406
CC(=O)CC1(CO1)C#N,6.061880111694336
CC1CC1CCCCO,8.986954689025879
CC1OC2CC(=O)C12,5.9702372550964355
N#CC1CN2C3CC3C12,6.774394989013672
C1N=C2OC3C=CC1C23,4.824270725250244
CC1(C=O)C2N1CC2=O,5.471841335296631
C1CC12CN=COCO2,7.153857707977295
OC1(CCC1C=O)C=O,5.539481163024902
CC#CC1(CN1)C1CC1,7.502002239227295
CC1CC2(C)CC2(C)O1,8.58452320098877
CC1CN2CC1C2C=O,5.651879787445068
CCCCN=COC=O,6.461126327514648
CCOc1coc(n1)C,6.283559799194336
CCC1CCC=CC1=O,5.2354583740234375
CN=C1C=C(O)NN=N1,4.685046672821045
N#CC12CC(C1)C21CN1,7.4066033363342285
OC1C=CCNCC1=O,5.411048889160156
CC1C(CC#N)C1C=O,6.154257297515869
CCC1OCC(C)=C1C,6.770214080810547
CCC1CC(C1)C#CC,8.084090232849121
CCC(C)C1=CN=NO1,6.585237503051758
OC1C2OC3C2C13C#C,7.340989112854004
CC1OC2C1OCC2O,8.284802436828613
CC12CC1C(O)C1CC21,8.483227729797363
CC(C)C(C)C(O)C#C,8.238288879394531
CC1=NOC(=N1)C1CN1,5.938398838043213
CC(=O)C1CC1(O)C#N,5.9534406661987305
Cc1cc(n[nH]1)N2CC2,6.332464694976807
CC#CC1C2CC1CC2,8.109766006469727
C1OC2C1C1C3OC3C21,8.25602912902832
OC12CC3C(CC1=O)C23,6.206945896148682
NC1=CN=C(N1)C1CO1,6.05081844329834
C(CCOC=O)CC#N,7.755531311035156
CC1(CCOC(=O)C1)C,7.491004467010498
OC1CC1C1(CC1)C=O,5.996176719665527
ON=C1CC2(O)COC12,6.407741069793701
CC(C=O)N(C)CC#C,6.03363037109375
c1c(c(n[nH]1)N)CC=O,5.165677070617676
CCC(C#C)C1CC1C,8.344581604003906
OC12CN(C1)C(C2)C#N,7.246610164642334
[NH3+]C1(CO)CC1C([O-])=O,6.930080413818359
C1NC1C1=CC=NC=C1,5.155836582183838
CCOC(=N)C(=N)OC,6.6149582862854
COc1ccc(=O)[nH]n1,4.825891017913818
C1CC12COC23CC3,8.393798828125
c1coc2c1CCCO2,6.067683219909668
c1nc(c(c(n1)O)N)N,5.547661781311035
N=C1NCC2(CN2)C1=O,5.1481547355651855
CC1CC(=O)CC1C,6.225379467010498
COc1ccncc1N,5.602334976196289
CCC1CCC1(C)C=O,6.092837333679199
CCCC(=O)NC1CC1,7.350523471832275
CC1CCOC(=O)C=C1,5.938689708709717
CC12CC3(C#N)C1NC23,7.252652168273926
Cc1c(ocn1)N2CC2,6.102834224700928
OCCC1C2C3CN1C23,8.083043098449707
CC1OC2C3CC1C23C,8.564620971679688
O=COCC1OCC=C1,6.3306403160095215
C1C2CC1C1OC1C=C2,6.637904167175293
CC1CC2(COC2=O)O1,6.831511974334717
OCC1C2C3CN1C23,8.024457931518555
CCC12OC1(C)C1CC21,8.727753639221191
CCC1C2CC1C(C)O2,8.809050559997559
OC1COCC(=C1)C#C,5.748685359954834
CC(C)C1(C)OCC1O,8.431879043579102
CC([NH3+])C1=COC([O-])=C1,5.129385471343994
CC12CC(OCO1)C2=O,6.179049015045166
N=C1COC2CC2CO1,7.1764068603515625
CC12OC1C1OC2C=C1,6.478078365325928
CC1CC2OC2C1CO,8.991634368896484
CC1C2CC3OC3(C)C12,8.761141777038574
O=C1CC2OCCOC12,5.512067794799805
N#CC12CC1NCC=C2,6.160467624664307
OCC1(CO)CC1C#C,7.741886615753174
O=CN1CC2OCCC12,7.001195430755615
CC1=C(OC=N1)C1CO1,6.272558212280273
CC1=CCC2OC12CO,6.7392754554748535
COC(C#N)C1CC1C,8.142779350280762
CC1CCC=CC11CN1,6.827340126037598
CC1CCC(C)(O)C1C,8.856599807739258
C1CCC=CC=CCC1,5.759620189666748
NC12CC1N1CC21C#N,6.652396202087402
CC(=O)C1(CN1)C(=O)C,5.069287300109863
CC1CC2(C)OCC=C12,6.625431537628174
CC1CN2N=C(C)N=C12,6.775417804718018
C#Cc1c(nc([nH]1)O)N,5.245331287384033
NC1=CC=C2C3CC3N12,5.488110065460205
COCC1C2CC(O)C12,8.518911361694336
OCC1C(C#C)C1C#C,7.334110736846924
CC1(C)COCC2CC12,8.77707290649414
C1CC2CCCC=C2C1,6.9212446212768555
C1C2OC11CCC=CC21,6.6396942138671875
CCC12CC1C(C)(O)C2,8.599997520446777
CCC(N)(CC#N)C#N,7.6852617263793945
CC1OC(CC#C)C=C1,7.047414302825928
CC(=O)C(CO)C1CN1,5.8831634521484375
c1c2c(cnn1)CCC2,5.3046555519104
CC1C(C#N)C1C(C)=O,6.297173023223877
OC1C2CC2(C#C)C1O,7.264178276062012
CC(O)CCOC(C)=N,7.640200614929199
CC(O)C1(C)OC2CC12,8.31407642364502
CCC(=O)N1CC1C=O,5.889186859130859
CC12CC3CC1(C=O)N23,5.980255603790283
CC12CC3C(O)C(O1)C23,8.229034423828125
CC1(CO)CC2OC12,8.948657989501953
CC12C3CC4CC1C4C23,8.856484413146973
CC1CC(=O)C(C)=C1N,5.490408420562744
CC12CCOC1=NCC2,7.312444686889648
C1C2C=CC3CCC12O3,6.300666332244873
O=CNCC1CCCO1,7.424838066101074
CC1COC1(C)CC#N,7.78551721572876
CC(=O)CC1(O)CC1O,6.022045612335205
CC1C2CC(C)C1O2,8.844470024108887
OC1(C=O)C=CNC1=O,5.018187999725342
C1OC2CC34CC(C3)C124,8.532641410827637
CC1C(CC=O)OC1=N,6.4009623527526855
CCc1c(nc[nH]1)O,6.33387565612793
C1C2OC2C2=C1N=CO2,6.125959396362305
CCC1OC(CO)C1O,8.301655769348145
OC12CC(=O)N3CC1C23,6.420120716094971
CN1CC(O)(C#N)C1=O,6.987987041473389
CCC#CCC(=O)OC,7.4429850578308105
O=C1C2OC3OCC2C13,6.1421895027160645
CC12C3N1C1C3(O)C21O,7.430112361907959
CN1CC1CCC1CO1,8.378593444824219
CCOC1CC(=O)C1O,5.931262493133545
N#CC12CC3C(C1)N3C2,7.119238376617432
CCC1(CCCO1)OC,8.875941276550293
CCC1(O)CC2(CO2)C1,8.69678783416748
OCC1CC2CC1CO2,8.769556045532227
O=C1CC2C3CN3C2C1,5.689460754394531
CNC1COC(=N)C1=O,5.06298828125
CC12COC1CC21CC1,8.467488288879395
N=C1OCC2OC2CO1,7.927494525909424
CC1CN1C(C)(C)C#C,7.5005717277526855
CCC(C=O)C(C)=NO,5.756649017333984
C(C1CO1)C1=NC=CO1,6.659676551818848
C#CCC#CC1(CC1)O,7.407644271850586
O=CC1(CN=CN1)C#N,5.56572151184082
CCC1C2CC(O2)C1C,8.801056861877441
CC1C23CCC12OCC3,8.057113647460938
CCCC1(CO1)C1CO1,9.048079490661621
CC1C2OC(C=O)C12,5.94495153427124
C#CC12CC3CC3C1N2,7.220226764678955
CC1CC(=CN1)C(C)=O,5.549562931060791
CCOC1CNC1C#N,7.05666446685791
CC1C(N1C)C(C)=O,5.888105869293213
CC(C)(CC1CC1)C#C,8.386051177978516
CNC1=NC2CC2C1=O,4.994537830352783
CC1C2COC(=O)N12,7.696099758148193
Cc1[nH]c(cn1)CC#N,6.582371234893799
CC1OC2CCC12CO,8.373417854309082
OC1C2C3C4C1C2N34,8.07986068725586
O=C1C2CCC2C2CN12,6.113364219665527
OC1CCC2C1OC2=O,7.329215049743652
CC(C#N)C1CCC1O,8.34582805633545
CC(C#C)C1=NNN=C1,6.812235355377197
OC1CN2C3CC(=C1)C23,5.709898948669434
OC1C2CC3OC3CC12,8.508627891540527
CC1CC2(CO)CC1O2,8.632888793945312
CCC12OCC1C2C=O,5.791475296020508
CC12CC(C)(C)C1(C)O2,8.368947982788086
CC12CC(O)(CO1)C=C2,6.574316501617432
CC1=CC(O)C(C)(C)C1,6.848473072052002
CCC1COC1(C)C#N,7.82715368270874
C1CN=C(CN1)OC=O,6.4349446296691895
CN(C)C1C=CCC1=O,5.933337211608887
CC1C2CC2(O)C1(C)O,8.208975791931152
CC1OC(=O)CCC1=O,6.356242656707764
CC1=CC23OC4C2C1C34,5.7266364097595215
c1cnccc1CC=O,4.714252471923828
CCC1(O)CC2OC12C,8.80041790008545
CC1C(CO)C11CCO1,7.695927619934082
CC1CCC2OCC2=C1,6.76431131362915
C(CCC(=O)N)CC=O,6.213058948516846
CC12OC1C1(OC21)C=O,5.701988697052002
OC1CC2NC(=O)C12O,6.945236682891846
COC1=CC(=N)OC=N1,5.089478015899658
CCC(C=O)N=COC,5.876805782318115
CCC1COC1CC=O,6.054842472076416
COC1C=CCCC1O,7.051723480224609
N=C1OCCC2NC12,7.104367256164551
O=C1CN2CC2C2CC12,5.539708137512207
CCC1N=COC1(C)C,7.313713550567627
CC#CCC1COC1=O,7.406806468963623
CC1C(CC1(C)O)C=O,6.247128009796143
CN1C2C3OC3C12C=O,5.469900131225586
C1C2CCOCOCC12,8.907905578613281
CNC(=O)CC(O)C#N,6.88553524017334
OC12CC3CC1C3C2=O,6.316843032836914
CNC12C(N)C1OC2=N,6.517850875854492
CC1COC(=O)C(C)C1,7.2738728523254395
NC12C(CO)C1NC2=O,6.445467472076416
CCC12CCC1C(=O)O2,7.510335445404053
CN1C2CCC1C(=O)C2,5.554412841796875
CC12OCC1=CC1CC21,6.429836750030518
CN=COCC#CCO,7.147105693817139
C1OC2C3CC=CC12O3,6.129002094268799
CN1CC(C1)(C=O)C#C,5.0037078857421875
C1OC11CCC11COC1,8.447000503540039
CC1(COC=N1)C1CN1,7.156774520874023
OC(CC#N)C1COC1,7.632168769836426
CC12OCC1OC2CO,8.136062622070312
C1C23CCC12N=COC3,6.746860980987549
Cc1ccc(nc1O)C,5.709470748901367
CC1=C([O-])C(C[NH3+])=NN1,5.394718170166016
CC1NC11CC(=O)C1,5.951357364654541
CC12CC3CC4C3C1N24,8.491661071777344
COC1CCC1CC=O,6.06563138961792
O=C1CC2C3COC2C13,6.054658889770508
CC1CCC1C(O)C=O,6.044322490692139
CC(C)C(=O)OC=N,6.741004467010498
N#CC12CC3NC1C3O2,6.976545333862305
c1c(nc([nH]c1=O)N)N,5.31077766418457
OC12C3CN4C(C13)C24,7.589338302612305
CC1(C)C2OC1C21CO1,8.840941429138184
COCCC(=O)CC#C,6.355658054351807
OC1C2C3CC4C3C1N24,8.09880542755127
CC1(O)C2C3OC1OC23,8.017480850219727
O=CC12OCC1C1OC21,5.958252429962158
C1CC=C(C1)CC2CC2,6.7028117179870605
CC1OC1CN(C)C=O,6.778854846954346
O=CCCC1CN2CC12,5.646684646606445
C#CCC12CC3C(O1)C23,7.5601677894592285
NC(=O)C12CC(O)(C1)C2,7.275899887084961
CCCC1CNC1=O,7.545868873596191
C1CCC(CC1)C(=O)N,7.470209121704102
O=CN1CC11C2CC1O2,7.047052383422852
CN1C=NCCOC1=O,6.658204078674316
CC1CC2(C)OC=NC12,7.238248825073242
CC1OC(=N)CC1CO,7.859867572784424
CC12COC1(C)CCC2,8.51901626586914
CCC1C(C)C(O)C1=O,6.278576374053955
CC1=CC(C[NH3+])=C([O-])O1,4.352463245391846
OC1CC2C3CC1C23O,8.309917449951172
C1CN1C1C2C3OC2C13,7.869938850402832
CCC1CC(C)=CCO1,7.168732643127441
CC1N2CC2C11COC1,8.084818840026855
Cc1c2c(cno2)on1,5.6016950607299805
O=CC1CCCOC1,6.035857677459717
c1cnc([nH]1)C(=O)C=O,4.1308274269104
CC#CC#CCC1CO1,6.204009056091309
CC#CC1OCC1C#N,7.0945916175842285
Cc1c(ncnc1O)O,5.897165775299072
O=C1OCCC2NC12,7.032795429229736
O=CCC1CC1CC#N,6.232587814331055
CN1C2CC1C(=O)C=C2,4.699848175048828
CC(C#C)C1COC1=O,7.267642974853516
CC(O)(CO)C#CC#N,6.267549514770508
CC1CC1C(O)C(C)=O,6.2423014640808105
CC1(CC(O1)C#C)C#N,7.394252300262451
CC(=O)c1c(cno1)N,4.790804386138916
CC1CC(CO)C2CC12,8.87387752532959
OCC12OCC1C1CC21,7.9620795249938965
NC1=COC(=N)C(N)=N1,4.811793804168701
c1cncc2c1CCO2,5.615103244781494
CC1CC1C1(O)CC1C,8.636616706848145
OC12CC3C(NC13)C2=O,6.327369689941406
CN=C1OC2COCC12,7.3357834815979
CC1CC2CC(=O)C2O1,5.997730731964111
CCC12CC(C1)OC2C,8.596680641174316
Cc1ccc(oc1=O)O,4.746450901031494
c1c([nH]c(n1)NC=O)N,5.7251105308532715
CC1C2C3C2C2(CC2)C13,9.497028350830078
CCC1(COC1)C#CC,7.538384437561035
C1C(=O)C=CC12COC2,5.165379047393799
CC12COC3CC1CC23,8.595697402954102
N=C1OCC23CC(N2)C13,7.221956253051758
CC(=N)OC1CCOC1,7.588109970092773
CC1(O)C(=N)NCC1=O,5.429234027862549
CC1=NC2COCC2O1,7.2725934982299805
OCC1(O)C2CC1C=C2,6.509919166564941
CC(=O)C1CC1(C)C=O,5.6449360847473145
C#CC12OC1CC1OC21,6.903526306152344
CNC1CCC1(O)C#N,6.8316731452941895
NC1=CNC(O)=NC1=N,4.685650825500488
NC1CC(CO)OC1=O,7.537967205047607
C1C(=CC(=O)C1=O)CO,3.905850410461426
ON=C1CC2(O)CNC12,6.286074161529541
O=C1OC2C3CNC1C23,6.629051685333252
CCC(=O)C(O)C#C,6.173761367797852
CC(CCO)C1COC1,8.699678421020508
CCC1(N)CC1(O)C#N,7.268214702606201
CC(OC(=N)C#C)C#C,6.647480010986328
Cc1cc(c(o1)OC)O,5.955038070678711
CC(C)(CC#CC#N)O,6.524232864379883
CC(NC=O)C(C)=O,6.2696733474731445
CC1=CC2N3CC2(O)C13,6.160744667053223
Cc1c(con1)C(C)C,6.710561752319336
CC12CC1C1(CC1)C2O,8.374096870422363
CC(C=O)C1NC1(C)C,5.8870391845703125
CC12CCCC1C=CC2,6.959622859954834
O=C1C2COCC1N2,5.847846984863281
CC1NC=[NH+]C1C([O-])=O,5.93671989440918
ON=C1CC=C2COC12,6.166642665863037
CC#CC(O)CC(C)C,8.013315200805664
CCC1CC2COC1C2,8.689799308776855
OC12CC1N1CC21C=O,5.325052261352539
CCC(N)(COC)C#N,7.773197650909424
CC#CC1OCC1C=O,5.781009674072266
CCN1CC(C#C)C1=O,7.115234851837158
c1cnc([nH]1)C2(CC2)O,6.327433109283447
C1N2C3C4OC3C2C1=C4,4.726978302001953
CC1=C(COC(=O)C1)C,6.113377571105957
CC12OC3C4OC4C1C23,7.649849891662598
CN1C2CCOC2C1=O,6.706521034240723
O=CNC1C2C=CC1O2,6.139410018920898
CC1=CC2(CC2)OC1=N,5.736815452575684
CCC(C)C1OC1C=O,6.145906448364258
CC12CC(=O)C(O1)C=C2,5.296262264251709
C1C2OCCC3OC2C13,8.429475784301758
OC1C2CNC(=O)OC12,8.24209976196289
CC(C)CC(C)C(C)=O,6.348673343658447
CC(C=O)C(=O)C1CO1,5.228909969329834
Cc1c(c(ncn1)O)O,5.716461181640625
OCC1C2C=CCCN12,6.4421610832214355
O=C1C2C3CC4C3C2C14,6.137766361236572
CC1C2OC1C1CC2C1,8.97158432006836
COC1CCOCC1C,8.740748405456543
N=C1CC2OC(O1)C=C2,6.62366247177124
C1OC1C1CCCOC1,8.911847114562988
CN(C1CC1)C(=O)CO,6.725100994110107
N=C1NC(C=O)C1C#N,5.751017093658447
CC12OCC1CC2C#C,7.551034450531006
Cc1c(ccc(n1)O)N,5.42353630065918
CC12NC1CC(O)C2O,7.981587886810303
CC1(O)CC(O)C(=O)C1,6.140439510345459
OC12C3CC1C1(CC1)C23,8.281590461730957
CC(C#C)C1OCC1C,8.029465675354004
CC1(CC(CO)O1)C#C,8.007795333862305
CN1CC2CCC12C=O,5.52818489074707
CCC1C(NC1=O)C#C,6.800652980804443
CC1=CC(O)C2CN2C1,6.371415138244629
C1OC11CCC2OCC12,8.644432067871094
C#CC1(CCO1)C1CN1,7.48682975769043
CCC12CCOCC1N2,8.647797584533691
CNc1ncc(o1)C#C,5.006791114807129
CC12CCCC1CO2,8.779630661010742
CN=C1OC2(C)CNC12,6.936707973480225
CC12CC1C1(C)CC21O,7.632775783538818
CC(C)CC(=O)OC=N,6.851039409637451
CCC1=CC(=O)CCN1,5.166579723358154
CC(=O)CCC(=O)N,6.111583232879639
COCC1C2CC(=O)C12,5.986985683441162
CN1C2C3NC2C3C1=O,7.217867374420166
CC1(C)CC(CCO)O1,8.86447525024414
OC1(C=O)C=CC2OC12,5.558956623077393
N=C1CC(OCO1)C#N,7.5016937255859375
OC1C=CC(=N)OC1=O,5.851946830749512
CC(O)C#CC(C)O,7.801051616668701
CN1CCCC(=O)C=C1,4.818458080291748
CC1=COC=C([O-])C1=[NH2+],4.8438496589660645
C1C2OC2C11COCO1,8.790101051330566
OCC1OC1C#CC=O,5.343333721160889
CC1NC(=O)C1N(C)C,7.3351521492004395
CC1OC(=O)NC1C=O,6.207028865814209
CC1(CC1)C1C(O)C1O,8.122329711914062
CC1(CN1)C1CC(=O)O1,7.311871528625488
C1COCC=C1CC=O,5.846950054168701
CNC(=O)CCC1CO1,7.456623554229736
CC(O)C1OC2CC12O,8.02239990234375
O=C1COC2C3OC3C12,5.960912704467773
CC1=CCC(=O)C12CC2,5.918524265289307
CC1C2CC1C(=O)N2,7.15496826171875
CC1CCN2N=CN=C12,6.56656551361084
Cc1c([nH]c(=O)o1)CO,6.404965400695801
N=C1OCC1(C=O)C#C,5.804258823394775
CC1(CCOCC1)C#N,8.288755416870117
CC12CN1C(=N)C2O,6.774527549743652
CC1OC1(C)CC1CC1,9.153253555297852
O=C1N2CC2CC11CN1,6.607187271118164
OC1CCC2CC3C2C13,8.603534698486328
CC(C#N)C(=N)NC=O,6.270908355712891
OC12COC1COC2=N,7.390749454498291
C#CCCc1cnc[nH]1,6.4687957763671875
OC12CC1(O)C(C2)C#C,7.515515327453613
O=C1C2CC2C1CC#N,6.109663963317871
CC1OC2(CCC2)C=C1,6.721867561340332
CC(O)C#CCCC#N,7.697514057159424
COCC1(CC1C)C#C,7.93153190612793
CC1=COC(=N)N=C1N,4.832308292388916
CCCC(=O)CC(=O)N,5.98980712890625
C1C2CC3=C(NC=C3)N12,5.587310314178467
CCC1C2C3CCC1C23,9.374768257141113
C#Cc1c(cc(o1)N)N,4.9250054359436035
CC1C2NC(=O)C(O)C12,6.959930419921875
OC12CC3CC1(O)C23,8.15422248840332
CC1CCC(O)C11CC1,8.74333381652832
c1cnoc(=O)c1CO,4.855676174163818
OC1COCCC11CO1,8.606189727783203
c1[nH]c(c(n1)NC=O)O,5.305166721343994
CC1(C)C(O)C11CCO1,7.754292011260986
C1CC23C=CC4C(C24)N13,6.015989303588867
ON=C1CC(C1)OC=O,6.657786846160889
OCC(=O)C#CC1CO1,5.185115337371826
[O-]C(=O)C1CN(C1)C=[NH2+],6.192444801330566
CC1C2C3C2C2(CC2)N13,8.369565963745117
CC12OC(N)=NC1C2O,7.025924205780029
CC12CC(C)(C1)C1CC21,9.3781099319458
CC1C2(C)CC1(O)C=C2,6.487936973571777
C1C2OCC11OCCC21,8.295781135559082
O=C1NCC2CC1C=C2,6.108154773712158
Cc1c(oc(n1)C)OC,6.311111927032471
CC(CC#C)C(O)CO,8.235477447509766
O=CCC12CC1OC2=O,6.066417217254639
CC1COC2CC1C2=O,6.306343078613281
CC12C=CC(O)C1C2O,6.51973295211792
CC#CC1C2CC1(O)C2,7.677228927612305
OC1C2C3C4CCC13N24,8.24179458618164
CN=C1OC(C)C1CO,7.3389177322387695
CN=CNc1ccco1,5.515558242797852
OCC1C2COC12C#N,6.960771560668945
CC12OC3C1CCOC23,8.194120407104492
C1OC23CC(COC2)C13,8.178254127502441
COC1CC1(C)C1CC1,8.758094787597656
CC1C2N1C(C)(C)C2=O,6.0305891036987305
CCC1(C)OC11CCC1,8.630879402160645
CCC#CC(O)C#N,7.517505168914795
C1CC11OC2CCC12,8.376442909240723
CC12CCCC(O)C1O2,8.580244064331055
[O-]C(=O)C12CC([NH2+]1)C=C2,5.767791748046875
CC1(CCC1)C2(CC2)C,9.254422187805176
OCC12OC1C1(O)CC21,7.931466579437256
CC(CC(C)=NO)C=O,5.7875142097473145
NCC1(CC(=O)O1)C#N,7.305990219116211
O=CC1C2CCCCN12,5.5391364097595215
OCC1C(C#C)N1C=O,6.693477630615234
CC1C2N1C1C(C)C21O,7.659176826477051
CC1(C)CN1C1CC1O,8.210516929626465
CN1CC11CC2C(O)C12,7.956241607666016
OCC1C2OC1C21CN1,8.429049491882324
C1CC(C1)C1CCC=C1,7.054746627807617
C#CCCc1cocn1,6.285999774932861
OC12COCC1C2C#C,7.313992500305176
O=CC12CN=C3NC1C23,5.002140998840332
CC1CC(C)C=CC=C1,5.519552707672119
CC(NC1CC1O)C#N,7.27172327041626
CCC12C3C4N1C2C34O,7.576358795166016
Cc1cc(c([nH]1)C#C)O,5.299339294433594
C#CCc1[nH]c(=O)on1,6.194249629974365
CC(C)C12CC1(C)CO2,8.393922805786133
OC12CC3C4C(C14)N3C2,7.8978986740112305
OC1C2CCC1C=CC2,6.952613830566406
Cn1c2c(cn1)OCO2,6.377997398376465
CC1(CC2(C1)CCO2)C,8.65739917755127
CC1CN(C1)C(=O)C#C,5.776002407073975
C#CC1COCC=CC1,7.007514476776123
C#CC1C2CC1C2(C)C,8.020392417907715
CCc1c(cno1)C#N,5.951968193054199
CN1CCOCC(=O)C1,5.585708141326904
COC(C)CC#CCO,7.703871250152588
C1C2CC34CC3(OC4)C12,8.424952507019043
CC1CCCC1(C)C#C,8.073867797851562
COC1C2C3OC3(C)C12,8.149247169494629
CC1=CC(=O)CC2CC12,5.202914714813232
[NH2+]=C1NC[C-](C=O)C1=O,4.525064945220947
CC1(O)COC2CC12O,7.7880096435546875
CC1N=COC(=O)C1C,6.482977390289307
CN=CNc1cnoc1,5.493533611297607
OC1C2CCCCC12,8.670784950256348
CC(C)CCC1(CC1)O,8.797809600830078
CC1C2C3CC=C1C23O,5.325804710388184
CC(=O)CCC(O)C=O,5.722265243530273
CC(=N)OC(C#C)C#C,7.545054912567139
CC1(CC(N)=O)CC1O,7.542278289794922
C1C23CC=CC12C1OC31,5.714812755584717
C1C2C1C1CCC2CC1,9.2384672164917
COC(C)CC(=O)OC,7.488144874572754
OC(C=O)C1C2CC1O2,5.68865966796875
CC12C3CN1C3C21CN1,7.95286750793457
CN(C)C(=O)CCOC,7.148132801055908
CC1(N)C(CO)OC1=O,7.167893409729004
CC1(COC=N)COC1,7.361579418182373
CC(CCC#N)C(C)=O,6.672213077545166
CC(C#N)C1=NOC=C1,6.539244651794434
COC1=NC2CC2(C)N1,6.86949348449707
O=CC1C2OC2C1C=O,5.552968502044678
CC1OC(CO)OC1=N,7.647283554077148
CC12CN3C4C1C2C34C,7.959555149078369
CC1(O)CC2C=CCC12,6.982784748077393
Cn1cnc(c1N)CO,6.179721355438232
C1CC(C1)NC(=N)C=O,5.030575752258301
O=CCC1CN1CC#C,5.89332389831543
CC(=O)c1c(cc[nH]1)N,4.646283149719238
O=CNCC1CCC1=O,5.642251491546631
NC1C(COC1=O)C#N,6.733175754547119
CC1CC=CC2CC12O,6.760206699371338
O=C1NC=CCC1C#C,6.204054355621338
CC1OC2(CC12)C1CO1,8.71583366394043
OC12CC(NC1=O)C=C2,5.780423641204834
O1C2C3C4C5C4C(C23)C15,8.158913612365723
CC1CC(C1)NCC#N,7.3440093994140625
Cc1c[nH]c2c1ocn2,5.956033706665039
CCC12CC=CC1C2C,6.848594665527344
CCCN1CCC1C#N,7.047871112823486
CCC12OC(=O)C1C2C,7.410640239715576
CC1=C(C)C(=N)N=NO1,4.627941131591797
C1CC11C2C3OC1OC23,8.32925033569336
OCC1(CC=CC1)C#C,7.024556636810303
C1C2N1CC1=C2C=CO1,5.864620685577393
CCC1(CC1C#C)OC,7.63017463684082
OC12CC(C1)CC21CN1,8.277304649353027
OC1CC1(O)COC=N,7.3216023445129395
O=C1CNC11CCOC1,5.412975788116455
CC(CO)C1CN2CC12,8.285627365112305
CC(=O)NCCC#C,7.3730788230896
CC(O)CCC1(O)CC1,8.515434265136719
CC(=O)OCC1(CC1)O,7.108031272888184
CC(=O)CC(C)(C)OC,6.1087188720703125
CC1CC(C)(C=O)C=C1,5.620020866394043
CN1CC1C1CC(=O)N1,7.142231464385986
C#Cc1cc([nH]c1)CO,5.5588698387146
C#CC1CC11OCC=C1,6.426564693450928
Cc1cc(=O)cc([nH]1)N,5.425415515899658
CC(C)NC(=O)CCO,7.51021671295166
CC1NCC(=O)C2OC12,5.470768451690674
C1CC(=NO)C=C1C=O,4.73721981048584
CC12CC1C(O)CC2=O,6.089168071746826
OCC(C#C)C#CC=O,5.472365379333496
Cc1cc(no1)C(=O)C,5.453298091888428
c1c(c(c([nH]1)O)C#N)O,5.508291721343994
Cc1cc(oc1C)NC,6.0727667808532715
CC1OC2(C)CCC12O,8.122305870056152
OCC1C2CC1(O2)C#N,7.406193256378174
OC12CN3CC1C23C#N,6.830900192260742
CC(C)C1(O)CC2NC12,8.123159408569336
C#CC12CC3CC1OC23,7.4086151123046875
CC(C)Oc1ccco1,6.0599164962768555
OCCC1OCC2CC12,8.75818157196045
CN=C1OC2C(C#C)C12,7.224786281585693
NC1C2NC2COC1=O,6.899909973144531
CC1=CNCC(O)C1=O,4.837955474853516
CC1=NCCNC(=O)N1,6.324275970458984
CC1C=C2COC2C1O,6.806395530700684
CC(=O)N1C2CC1C2O,7.099773406982422
CCN(C=N)C(=O)OC,6.793286323547363
CC1CC2OCC(C)=C12,6.539064407348633
N#CCC1CC2OCC12,8.151355743408203
CC#CC1N2CC1(C)C2,7.352407455444336
C1OC1C1CC2COC12,8.534676551818848
OC1C(=O)C2NC2C1=O,5.276749134063721
NC(=O)C1C2NC2C1O,7.0802788734436035
CC1C(OC1=N)C1CC1,7.618910312652588
OC1CCCC2CCC12,8.786473274230957
CC(CCC(N)=O)C#N,7.415195465087891
C1C23COC12CCOC3,8.133588790893555
O=C1CN2C3COC3C12,5.61534309387207
C#CC1(CC1)NCC=O,5.809000015258789
CC1CC1(CC#C)C=O,6.154728412628174
OC1CC2OC12C1CO1,8.358738899230957
CC1C2C3NC3C12C=O,5.823472023010254
CC(=O)C(C#C)N1CC1,5.832449913024902
C1C2OCC3COC1C23,8.385003089904785
CC1C2N(C=O)C1C2=O,5.94485330581665
CC1OC2C1=CCC2=O,5.541510105133057
CCC(CC1CO1)C#C,8.5247220993042
N#CC1OC2C=CCC12,6.737300872802734
Cn1cnc(nc1=O)N,5.29859733581543
CCC(C)NC(=N)C=O,4.756425857543945
CC1=C(OC=N)ON=N1,5.446231365203857
O=C1CC2(CC1N2)C#C,5.667788982391357
CC1(C(=O)C2(O1)CC2)C,5.914924144744873
CC(O)(C#C)C(=O)C#N,5.082375526428223
O=C1CC2C3COC1C23,5.92069673538208
O=CC12C3COC1CN23,5.491209983825684
CC1CCC11CC1C=O,6.136396408081055
CCC(CC(N)=O)OC,7.372623443603516
CCC1(C)C(O)C1C#C,7.849316120147705
CC12CC3CC(=O)N1C23,6.641464710235596
CC1(C)CCCC(=N)O1,7.722904682159424
CC(=O)C12NC1CC=C2,5.546828746795654
NC(C#N)C1OCC1O,7.330022811889648
O=C1CC2NC11CNC21,5.545921325683594
CC(=N)Nc1ccon1,5.616536617279053
C1C2C=CC11CCCC21,6.324060440063477
CC12CC1(C#C)C(O)C2,7.492330551147461
C#CCC1=CCC(=O)C1,5.699295520782471
CN1CC2(C)C3C1CN23,7.875412464141846
O=CC1COC(C=O)=N1,4.9058837890625
OCC1CC(O)(C1)C#N,8.012368202209473
CC1COC(=O)CC1C,7.480300426483154
CC1(COC(=O)CN1)C,7.199866771697998
OC1C(C=O)C1(O)C#C,5.709622859954834
CC1CC2(OC12)C1CN1,8.271157264709473
CC1CC2(C)C(C)OC12,8.707086563110352
CC(=O)CNC(=O)CO,6.105257034301758
CC(CO)(C#C)C1CC1,8.307900428771973
OCC12CC1C1NC1C2,8.203371047973633
CC1(C)CC(O)C(=O)C1,6.087159633636475
CC(NC=O)C1NC1C,7.544792652130127
NC(=O)C1CC2OC2C1,7.413992881774902
CCC12CC1(CO2)OC,8.216876029968262
CC1C(OC=N)C2CN12,6.891144752502441
O=C1CNC2CC12C#C,5.577592849731445
CC#CCCC(C)C=O,6.111568450927734
CC(=N)Nc1cnno1,5.924160957336426
OC1C2NC2C11CN1,7.98399543762207
C1C2OCOC3CC12C3,8.328526496887207
CCC(C#C)C(O)C#N,7.863748073577881
CC1C2CC2CC11CC1,8.955327987670898
OC1C2CCCC1C=C2,6.841648578643799
N=C1NC(=O)CN1C=O,5.422995090484619
CC1(C)NC(=O)OC1=N,6.975809574127197
CC1C(=O)C(C)C11CC1,6.046664237976074
CC1(C)CCCC1(C)O,8.749147415161133
CC1CCCCCCO1,9.029821395874023
COC(C)C1(CO1)C=O,5.757555961608887
CCC1C(C)CN1C=O,6.988675117492676
N=C(OC=O)C1CC1,6.306975364685059
C1OCC2C3C4C3C2C14,8.883066177368164
CC1(O)CCOC1C#N,7.560079097747803
C1C=CC2OCCOC12,6.707129955291748
[NH3+]CC1(CC1)C([O-])=O,7.247788906097412
CN=C1OC2CC1C2O,7.346008777618408
CN1CC(=O)C(C)(O)C1,5.437767028808594
CC1CC(=O)CN=CO1,5.726468563079834
OCC12OC1CC=C2,6.74505615234375
CC#CC12CC3C(C1)N23,7.144495010375977
CC1OCC(=O)OC1C,7.412378787994385
C1C2C3OC4CN(C13)C24,7.7238359451293945
CC12NC1(C)C1(C)OC21,7.979115009307861
COC(C)C1OC1C#C,7.498012065887451
c1cc(cc(c1)O)CO,6.147433757781982
CC12C3N4CC1C4C23O,7.68845796585083
OCC(O)C12CC(C1)C2,8.650273323059082
CC#CCc1cc[nH]c1,6.502335071563721
CC1CCNC(=O)CC1,7.427611351013184
CC1C(O)C(C)C1(C)C,8.466208457946777
CC1C(C)C11CC(C)O1,8.348731994628906
CCC1(NC1CO)C#N,7.366601943969727
CC12COC1(C)CO2,8.11782455444336
c1c(con1)C2CC2,6.535998344421387
CC1CCCOC(C)=N1,7.4447712898254395
OC1CCC1COC=N,7.419736385345459
CNC(=O)CC#CC#N,6.502942085266113
NC(=O)C12OC1CC2=O,5.833032131195068
CC1C(C)(C)C11CCO1,8.056096076965332
CC1OC(C(C)=O)C1=O,5.112006664276123
CC1CN(C1)CC(=O)C,5.6620612144470215
CC12C(O)C1C1CC2C1,8.39328670501709
CC1(OCC=C1)C1CN1,6.645094394683838
O=C1CCN2CC2C1,5.90681266784668
NC1=NC(O)=CC(=N)O1,5.2579121589660645
CCC1CC(C)C(=N)O1,7.567405700683594
CC1CC(C=O)C=C1C,5.633987903594971
CC(C#C)C1=CNC=C1,6.5238471031188965
C1CC2C1C1CCOC21,8.686460494995117
CCC(=O)n1nccn1,5.656322479248047
OC1C2CC(O)C12C#N,7.511402130126953
C1CN2CCCN=C2O1,6.617251396179199
CCCC(O)C(=O)CO,6.244863033294678
CC1C(=O)OC1(C)C=O,5.891932487487793
NC1=C(OC=N1)C1CN1,6.018589973449707
O=C1C=CC2CN2C1=O,4.2796406745910645
C1C2C3OC4CC3C2C14,8.393111228942871
N#CC1CCCC11CC1,8.505858421325684
CCC#CC(C=O)C=O,5.5245137214660645
CC(C)(C)C1(CC1)C#C,8.298018455505371
O=C1OCC2OC2C=C1,6.128351211547852
OC1(CC1)CC1OC1,8.830504417419434
Cc1cc(cnc1)OC,5.682777404785156
CCC1(COC=O)CN1,7.436008930206299
OC1(C#N)C2C3NC1C23,7.103388786315918
COC1(CO)CCC1C,8.657585144042969
N#CC12CC1OC1CC21,7.502193927764893
C1CN1c2[nH]nc(n2)O,6.5129499435424805
NC1(CC1N1CC1)C#N,7.536123752593994
COC(C=O)C(C)(C)O,6.02428674697876
CC(CC=O)C1COC1,6.103627681732178
CC12CC(O1)C(=C2)C#N,6.043780326843262
CC1C2N3CC1C23C=O,5.884005069732666
CC12CC3C1N3CCC2,8.56100082397461
COC1C2CC1OC2,8.521109580993652
CC1CC2(CCO2)CO1,8.62732219696045
[O-]C(=O)C12CC1NC2=[NH2+],6.390671730041504
CN1CCC(=CC1=O)N,5.592672348022461
OC12CC1C1OC1CC2,8.602005958557129
COC12CC1N1CC21C,7.846169948577881
CC1C(OC1=O)C1CC1,7.252440452575684
CCC1OC2C(O)C2O1,8.595897674560547
O=C1CC2CCC3C2N13,6.9688825607299805
N=C1CC(CC#C)O1,7.797361850738525
C#Cc1c(oc(n1)N)N,5.1004638671875
CC1OCC2C(C=O)C12,5.891048908233643
O=C1NCC2COC1O2,7.277767181396484
CNc1cnnoc1=O,4.671391010284424
CN1C=C[C-](C#N)C1=[NH2+],5.979350566864014
CCC1(C)OCC2CC12,8.684412956237793
CC1(CC=O)NC1C#N,5.8673624992370605
CN1C2C1C1(O)CC21C,7.641475200653076
COc1c(cc([nH]1)N)O,6.088597774505615
CC(C#N)C1(O)CC1O,8.069232940673828
Cc1nc(no1)CC#N,6.802231788635254
CC1COC2CC2OC1,8.382954597473145
CC12OC3CC1C2(C)O3,8.185553550720215
C1NC11CC2OCC12,8.307351112365723
CNC12CNC1C2C#N,6.63900089263916
OC(C=O)C12CC1OC2,5.647641181945801
COCC1CC(=O)C1,6.112698078155518
C1OC2C=CCC3NC123,6.911517143249512
CC(CCC=O)C1CC1,6.306017875671387
CCC1NC11COC1C,8.328526496887207
CC1(CCC11CC1)C#C,8.064598083496094
CCCc1cnon1,6.7676239013671875
CCC12C3C4C(CC14)N23,8.209956169128418
C1C2CN1C1=C2C=CO1,5.58496618270874
COCC(C)C(O)C=O,6.480537414550781
CC1NC1C#CC1CN1,7.007478713989258
OC12C3C1C1CC3C2=C1,4.797643661499023
CC(=O)c1conc1N,5.035187721252441
C1C2CC=CC3NC3C12,6.483463287353516
CC1(CN1C(=O)OC)C,7.318896293640137
CN(C=O)C1CCOC1,7.178001880645752
CC12CC1CCC2(C)C,9.012693405151367
c1c(nc(o1)CC=O)N,5.120495796203613
CC1CC(C)C11COC1,8.627910614013672
CN=C1OC2CCC1C2,7.460593223571777
CC(CC=O)CN1CC1,5.83705997467041
N#CC1CC2CCN2C1,7.460957050323486
CC1C2C=CC(O)C12C,6.593692779541016
CCCC(O)CCC=O,6.357733726501465
CCCc1nc(no1)N,6.427196979522705
CC1CC=C(C1)NC=O,6.090989589691162
COc1cncnc1N,5.3297295570373535
OC1CC11COC2CC12,8.342827796936035
OC1CC(OC=N)C1=O,5.548207759857178
CC1(CO)CC(O1)C=O,5.919365406036377
CN=C1OCC2CC1C2,7.434924602508545
OCC12CN1CCC2O,8.0161771774292
CC1(OC1C=O)C1CO1,5.958836078643799
CC(C)c1nccn1C,6.6723313331604
CC#CC1N=CNC1=N,5.713561534881592
COC(C=O)C#CC=O,5.218548774719238
CC#CC1(CN1)C=O,5.87879753112793
CN1CC2(O)C1C2(C)C,7.500998020172119
OC12COC1CCCC2,8.396696090698242
OC1CNC1(C=O)C#C,5.1994476318359375
COC1(C)CC(=O)C1O,5.801377296447754
O=C1OC2C3N4CC13C24,6.388618469238281
C1C2COC=NC1C=C2,6.174844741821289
CC1N2CC3(CC3)C12C,8.360823631286621
O=COC1CC2NC12,7.141847610473633
c1cc(c(nc1)C=O)N,4.4602580070495605
CC1CNC2C1OC2=N,7.089450836181641
ON=C1CC2C(C=O)C12,5.6504597663879395
C1C2N1CC21COC1,8.088995933532715
CC1C(O)C2C(O)CN12,7.61863374710083
CC1C(C)C(C)(C)C1=O,5.912031650543213
CNC(=O)C(C)C(N)=O,6.117215156555176
CC1=CC2(CN2)CC1=O,5.149837493896484
OC1C(C#C)C1(O)C#C,6.955617904663086
CC(C)c1ncc(o1)N,6.150180339813232
CC#CC(C)(O)CCO,7.9856276512146
CC1(C)CC2CCC2C1,9.458473205566406
COCCC1(CC1)C#N,8.357789039611816
CC1CNC2=C1C=NN2,6.35296106338501
CCCCc1cc[nH]n1,7.0465569496154785
OCC1C2NC1C2C#N,7.3470330238342285
CN(CCCO)CC=O,6.5288896560668945
CCC1COCCC1=O,5.982757568359375
Cc1conc1C(=O)N,5.8466057777404785
CC(=NO)C1(CC1)CO,6.6785359382629395
CC1(CN1)C1=COC=N1,6.711648464202881
CC1CC1(CCO)C#N,8.179108619689941
O=C1OCCCC2NC12,6.975578308105469
CCC1C(C)C1C1CC1,9.067253112792969
C1CCC(=CC1)CC=O,5.991966724395752
C#CC1COCCOC1,7.419533729553223
CC1OC2=NCCCC12,7.379356861114502
C1CC1C#CCCC#N,7.55677604675293
CCC(=O)OCC(C)O,7.487508773803711
Cc1[nH]c2c(n1)con2,5.634350299835205
CC#CC1(C)NCC1=O,5.685688495635986
OC12CC(=O)C1C2C=O,5.63570499420166
CC(C)C1(CC(=O)C1)C,6.08249044418335
O=C1NC=C(O1)C1CO1,5.6568450927734375
CC1C2CC1C(=O)CO2,5.997885704040527
CC1C2C(CN12)C(C)=O,5.940511226654053
CN1CC11CCCC1O,8.454010963439941
CC(O)(C#C)C(O)C#C,7.555922031402588
CCC1(O)CC2NC2C1,8.326380729675293
CC(O)C12CC1OCC2,8.215847969055176
CCOC(C#N)C(C)C,8.129432678222656
CCC(=O)NC(C)CO,7.567514896392822
CC12CC3CC1(C)C23C,8.963008880615234
O=COC1CC=CC1=O,4.862478256225586
O=CC1C2C3CCN1C23,5.526069164276123
CC1CN(C)C1(C)C#N,6.81547737121582
CC(=O)C1CCN=CO1,5.897943496704102
CCC12CC1OCO2,8.441536903381348
C1=C(C(=O)NC1=O)CO,5.021127700805664
O=C1CC23COC2C1N3,5.901989459991455
N=COC1(CNC1)C#C,6.841009140014648
C1CCCC(CC1)C#N,9.137626647949219
CCC(=O)C#CC1CO1,5.391345500946045
OC12CCC1CC1OC21,8.35653305053711
CC1(C)CN2C3CC1C23,8.245189666748047
CC1(CO)CNC(=O)C1,7.259960651397705
OC1CNC2=C1OC=C2,5.631295680999756
CC1(CC1)OC2CCC2,8.552511215209961
O=CC1CCCC2CC12,6.027568340301514
CNC(=O)C1CC(=O)O1,6.758466720581055
CCC1C2CCCOC12,8.618548393249512
CC(=O)C1=CC2CC2C1,5.474604606628418
CC12C3C1C1OC3C21C,8.50186538696289
c1c(c2c(o1)NCC2)N,5.66610050201416
OC1CCC2COC12,8.416374206542969
N=C1C2C3NC(=O)N1C23,6.551787853240967
Cc1c(=O)ncncn1,4.2932209968566895
CCN=C1OC(C)C=C1,6.055471420288086
C1OC1C1CCC2CN12,8.42541790008545
N#CC1OC2OC1C=C2,6.654358863830566
N=C1NC2C(OC12)C#N,6.4957075119018555
CC1(C)CC11CC2NC12,8.331137657165527
CC1(CC1)N=C2CCO2,6.585359573364258
CCC12OC1(C)CC=C2,6.737471103668213
CC1OC11C2CN2C1=N,6.841791152954102
COC12C(C)C3C1OC23,8.237061500549316
CC1C2CC3N2C13C=O,5.8910932540893555
CC1CC2OC1C=C2,6.858771324157715
CC12NC(=O)OC1C2O,8.066425323486328
NC1=C2CCN2C(=O)O1,6.1861572265625
C1CCOC(=O)COC1,7.111818790435791
OC1(CNC1C=O)C#C,5.313258171081543
O=C1CC2NC3C2NC13,5.624027729034424
CC12C=CC3CC1C23C,6.267801761627197
CC12COCC=CC1N2,6.627074241638184
OC12CC3C1N3C21CC1,8.246393203735352
CC1CC11CC(=N)O1,7.429309844970703
CC1CCC1(CO)C#N,8.1973295211792
CC(O)C1CC(=O)C1C,6.060399055480957
CC(C)CC(O)CC=O,6.162912368774414
CC1(C)CC2N=COC12,7.073091506958008
CC1OCC(C)C(C)=C1,6.746201515197754
C1OC23CC4OC2CC134,5.472896099090576
O=COC1C2C3CN3C12,6.662922382354736
C1C2OCC3=CCN1C23,5.255609512329102
CCC1=CCN(C1)C=O,6.4565534591674805
CC(=O)N1CCC2CC12,6.964056015014648
COC(C)C(C)(C)C#N,8.280014991760254
OCC12CC1CC(=O)C2,5.969878196716309
CC(=O)CCCC1CC1,6.36531400680542
C1CC2NC2C=CC=C1,5.480066776275635
CC1C23CCC12OCO3,7.822963714599609
CCC1(CCO)CC1C,9.031966209411621
CC1C2OC1(C#N)C2N,7.364870071411133
CC12NC1C(O)C1NC21,7.718639373779297
CCC12COC1C2C#N,7.483710289001465
CN1CC1C1(CC1)C#N,7.225551605224609
CC12CC(O)C1OCO2,8.435359001159668
CC12CC=CC3OC1C23,6.139676094055176
C1C2N1CC21CCCO1,8.214157104492188
COCC(O)(CO)C#N,7.972648620605469
CC1(C)CC(C=C1)C#N,6.697633266448975
OCC#CC(C=O)C#C,5.797403812408447
CC1(CO1)C1COC1=O,7.241806983947754
CC12CCC1N2C(N)=O,7.138393878936768
C1C2OCOC3CC2C13,8.546490669250488
O=CC1C2CC(C#C)N12,5.617412567138672
CN1CC2(O)CC=CC12,6.258501052856445
CNC1CC1(C#C)C#N,6.835521697998047
OC1C2N3CC3CC12O,7.720132350921631
CC1N(C)C11C2CC1O2,7.89071798324585
CC1(O)C2OC3CC2C13,8.378035545349121
OC12C3C=CN(C13)C2=N,6.04635763168335
C1CC2(CC2)CCOC1,8.777043342590332
CC1(COCO1)C1CO1,8.95370864868164
C#CCc1c[nH]nc1N,6.692651271820068
CN1CC1CC(C)=O,6.206454753875732
CCN=C1OC(C)C1N,7.230992794036865
CC12CC3C1CCC23O,8.677589416503906
OCC12CCC1OC2=N,7.589674472808838
CC1C2CC(=NO)C12C,6.572017669677734
C1OC2C3NC3C2=C1,6.32996129989624
COC1C2NC2(C)C1C,8.073891639709473
C1CC(O1)C1OCC=C1,6.806219100952148
N=COC1CC2(CO2)C1,7.494818210601807
OC1CC23COC2C1O3,7.880401134490967
CC(CC#C)(CO)CO,8.216110229492188
C1C2COC3CN1C23,8.11491870880127
OC1CC11NC(=O)C1O,7.021778106689453
CC1C=CC2C3OC3C12,6.62606954574585
COC12C3CC1CC23O,8.234853744506836
CC1(C)NC11CCC=C1,6.568094730377197
O=CNC1CC=CC1,6.661557674407959
CC1=CC(=N)OC1(C)C,6.099201202392578
CC1COCC=C1C#N,6.0724077224731445
OC1CC2OC1CCO2,8.554293632507324
OC1C2OC1C2CC#C,7.697292804718018
C1OC2C1C21CC2OC12,8.714919090270996
C#CC1=C2COC2CC1,5.400734901428223
COC(=O)C(C)C(N)=O,6.149525165557861
N#CC12CC(C1)CO2,7.991855621337891
C1CC11N2C3CC=C1C23,4.394176959991455
COCc1c(nco1)O,6.12039852142334
CCc1c(c(co1)N)C,6.1428327560424805
COCC(O)CC#C,8.221884727478027
Cc1cccc(=O)cc1,4.5822529792785645
CC(O)C(C)C(C)=NO,6.810214042663574
CC1(O)CN2CCC12,7.774827003479004
C1C2NC3=CC=NN3C12,6.004477024078369
CCC(OC=N)C#C,7.5138163566589355
CC(C)Nc1conn1,5.591968536376953
c1cc2c(nc1)CCO2,5.599849700927734
OCC1OC11CC2CC12,8.721993446350098
CC1CC2(CN2)C(=O)N1,7.343305587768555
Cc1c(c(no1)N)CO,6.1666259765625
OCC1CC23CC(C2)C13,8.29459285736084
CC1C=C2COC3C1C23,5.802505970001221
CCOCC(C)(C)C#C,8.335268020629883
CC1=CC(=O)[CH-]OC1=[NH2+],5.16193151473999
CC1=CCOCCOC1,6.471983909606934
Cc1cc(no1)CO,6.440767765045166
Cc1cc(=O)c(co1)C,5.054708957672119
CC1C2CC=CC(=O)N12,5.521860599517822
CC1CN(C=O)C=C1C,5.640439033508301
OC1CN(C=N)C(=O)C1,6.324454307556152
CN1C(=N)NN=C1C=O,4.585925579071045
CC1=CNC(=O)OCC1,6.28770637512207
[O-]C(=O)C1[NH+]=CN2CC12,6.048396110534668
O=C1CC2OC12CC#C,5.8472418785095215
CC1NC=C(C=O)C1C,4.959559917449951
c1c2c(on1)CC(=O)C2,5.438118934631348
Cn1cnc2c1COC2,6.4150543212890625
CCCC1COCC=C1,7.071926593780518
CC(CO)C#CC(N)=O,6.634337425231934
CN(C)CC(CO)C#N,6.632716655731201
C#CCOc1cnoc1,5.944029331207275
COC(C)C1(C)CCO1,8.761629104614258
N=C1C=CON=C1C=O,4.593231201171875
COC1OC(=O)C2NC12,6.945075035095215
CCC1(C#C)C2CCC12,7.815036773681641
c1c(c([nH]c1N)O)C=O,4.599732875823975
CCOC(COC)C#N,8.024588584899902
CC1CC2(CC12O)C=O,5.928890705108643
C1CC2COCC2C1,9.022879600524902
OCC(C1CN1)N1CC1,8.372553825378418
OC12C=CCC3C1OC23,6.683812141418457
OCC1NCCCC1=O,5.935074806213379
N#CCC1OCC11CN1,7.66774320602417
CCC12CC1(CC2)C=O,5.933379173278809
CC1COCC2CN2C1,8.356852531433105
CC12C(O)C1COC2=O,6.590707778930664
CCC1(CC#N)CC1C,8.750555038452148
CCC12CC1(CC)OC2,8.436019897460938
CC(CCOC=N)C=O,5.91945743560791
CC(OC1CC1)C#N,8.092395782470703
CCCc1conc1O,6.707360744476318
Cc1cc(c([nH]1)N)C#C,5.304657936096191
CC(CC#N)OC(N)=O,8.247594833374023
O=C1CCC2CC3C1N23,5.747039318084717
CC1C2OC2C2OCC12,8.456364631652832
NC12C3NC3C1C2C#N,6.653125762939453
O=C1OC2CC=CC2=C1,5.358348369598389
OC12CC1(O)C1(CC1)C2,8.150955200195312
COCCN=COC=O,6.496237754821777
CC12CN1C(=O)C2O,6.3433098793029785
C1CC12CNC(=O)CO2,7.2332353591918945
CC1CNC1(C#N)C#N,6.927165985107422
CNC1(C)C(O)C1C#N,7.081944942474365
CC12CC3(C)C=CC1N23,6.1006083488464355
OC1=CC=CN=CC1=N,4.260962009429932
CC1(C)OC1(C)C=O,6.0255656242370605
OCC1CC1(O)CC#N,7.775740623474121
O=CC1C2CC2C2CC12,5.926202297210693
CC#CCC1CCC1C,8.217641830444336
Cc1nc2c(o1)nc[nH]2,5.497821807861328
CC12CC3C1C1(CC1)N23,8.180354118347168
CC#CC12CC1CC2O,7.46492338180542
CC1CC2N=CNC2=N1,5.9316534996032715
CC1C2C3C(O)C3CN12,7.582179069519043
C#Cc1cocc1CO,5.560384750366211
CC1=C(COC1)CCO,6.487482070922852
C1C(CO1)CNCC#N,7.212430477142334
OC12CC3=CCOC1C23,5.073915004730225
CC12NC1CCC2=NO,6.671281814575195
[NH3+]C1(CCC=C1)C([O-])=O,5.858136177062988
O=C1CCNC(C1)C#N,5.395323753356934
CC(C)C12CC(C1)OC2,8.615501403808594
O=CNC1C2COCC12,7.210297107696533
OCC1COC2COC12,8.277005195617676
CC1C2C(O)C1C21CC1,8.786672592163086
CN=C1C=CC(=O)N1C,5.031681060791016
COCC1=COC(=N)O1,6.350618362426758
Cc1cc(oc1)N2CC2,6.128879070281982
CCC1(C)C(O)C1CO,8.506107330322266
CC1(CO)OC11CCC1,8.240030288696289
O=C1NC2CC2CCO1,7.531612873077393
CN1CC2OC3C2CC13,7.7883381843566895
CC1=CC(O)(CC1)C=O,5.908329486846924
CC12CC1C1CC(C1)O2,8.356464385986328
CCC(OC1CC1)C=O,6.167447090148926
CCOC1(CC)CC1O,8.665703773498535
O=CC1NC1(C=O)C=O,5.126194953918457
CC1(C)CCC1(C)CO,8.896876335144043
CC12CC1CC1CCC21,8.928486824035645
CC#Cc1cn(nn1)C,5.630917072296143
[NH3+]CC(O)C#CC([O-])=O,6.389350414276123
CCC1(C)C2OC2C1=O,5.739279270172119
CC#CC1CC2C(C)C12,7.7132158279418945
CC12NCC1(C#N)C2N,6.863523960113525
CC1(CC1O)C1CCO1,8.465003967285156
OC1C(=O)C2C3CC12O3,5.842620372772217
O=C1CC2C3CC3C2N1,6.9745965003967285
CC1OC2(COC12)C#N,7.219486713409424
OCCC1CC2(O)CC12,8.58454704284668
COC(=O)C#CC1CC1,6.363440990447998
CC1C(C#C)N(C)C1=O,5.997644901275635
CCC1OC(=O)OC1=N,7.3693647384643555
CC1=CCOC1(C)CO,6.7004008293151855
OC1CC1(OC=N)C#N,7.272223472595215
CNc1cc(oc1)NC,5.795485496520996
CN1CCCCC1=O,7.366782188415527
CC1C2CN1C2C(N)=O,6.912548065185547
C1C2NC1C1=C2OC=N1,6.245635032653809
OC12CC1C1NC2C1=O,6.073798656463623
NC1=NC(C#C)C(=O)C1,5.112003803253174
O=CC1CCC11CC1,6.092106819152832
CCC(C)C1CC1CO,8.981230735778809
CC1C2OCC3CN1C23,7.863296031951904
OC12CN=C3OCC1C23,5.773761749267578
N=C1CCNCC(=O)O1,6.2957444190979
CC1CC2C(CCO)N12,8.180211067199707
CN1CCC2CC2C1=O,6.922149181365967
CC(OC=N)C#CC#N,6.952133655548096
CC1OCC(CO1)C#C,8.053106307983398
CC1(CO1)C1OCCO1,8.824776649475098
N=C1OC2CC12OC=O,6.346549987792969
CC(O)C12CC1CC2,8.673521995544434
Cc1c(ncoc1=O)O,5.143115997314453
CC1=CC(=[NH2+])C([O-])=CO1,5.41748571395874
OC1C(CC11CO1)C#N,7.8300251960754395
OC1CC2CN2C1C#C,7.325667858123779
COC1CC2C3OC1C23,8.187467575073242
O=C1CC2CC1C=CC2,5.751737594604492
CC12OC1C1(C)CC2O1,8.495301246643066
CC1NC11CCC(=O)C1,5.960864067077637
CCc1cnccc1O,5.734534740447998
CC12OC1C(=O)CC2=O,5.326059818267822
CC12CC1(C)CC(=O)C2,5.992949962615967
C1CC(C1)OC2CCC2,8.634599685668945
O=C1C2NC2C1CC#N,5.9002461433410645
CC1C(C#CC=O)N1C,5.2986159324646
NC(=O)C12OC1CC=C2,6.073657989501953
Cc1c(c[nH]c1O)C#C,5.458763122558594
CCc1c(cc(o1)C)C,6.196959972381592
Cc1c(onn1)C2CC2,6.048595905303955
NC(=O)C1CCOC1=O,6.332094192504883
C#CCC1C2CCCC12,8.046545028686523
CC(=O)CCC1COC1,6.1619954109191895
C1NC1C12CC(C1)O2,8.269721031188965
CC1=CC(=O)C2CC1O2,5.048152923583984
O=CCC1(CC#N)CN1,6.053994178771973
c1c[nH]cc1OC2CC2,6.555200576782227
CCC1C2OCOC12C,8.694391250610352
CC12C3NC11CCN2C31,8.005206108093262
OCC12C3C(O)C1CN23,7.848132133483887
CNc1coc(c1N)O,5.749638557434082
CCC#CCC#CCC,7.816256046295166
CCC(=NC)OC=O,6.531044006347656
CC#CC(C)(C=O)C#C,5.842794418334961
C1C2CC3N=COC2C13,6.999003887176514
C(CN=COC=O)C#N,6.412711143493652
CC12CC1(C)OC(=O)N2,8.016212463378906
CC12CCOC1CC2O,8.390203475952148
CCC1OC2C(C#C)C12,7.591119766235352
C1C=CC(=O)CC1=NO,4.720122337341309
CCC12OC1C1NC21,7.664770126342773
CC12COC(CC1=O)C2,5.960933685302734
CC1(C)C2CC(CO)N12,8.08813190460205
CC1(CNC(=O)N1)C#C,7.610559463500977
OCC(=O)C12CC1OC2,5.813938617706299
CC(=O)C(=O)N1CC1,4.744978904724121
CCC1(CC(=O)C1)C#C,6.120924949645996
OCC1CC2OC(=O)C12,7.2437968254089355
O=C1COC(=O)C11CN1,5.7303290367126465
OCC12CC1N=COC2,7.005190849304199
C1C2CC3CCC=CC123,6.8010454177856445
[O-]C(=O)C1C2C3[NH2+]C1C23,7.021704196929932
CCC#CC1CC1(C)O,7.636427879333496
CCC1COCC1(C)C,8.812830924987793
OC12CC1(CC2)C1CO1,8.715271949768066
CC1(O)CCCC=CC1,7.186442852020264
OC(C#C)C1NC1C#N,7.2367939949035645
C1C2CC1OCCCC2,8.628632545471191
CC1(COC1=NC)C,7.509037971496582
COCC1(C)CC2OC12,8.996048927307129
CC12OCC1C2C1CO1,8.578474998474121
C#CC12CCC1CCC2,7.866665363311768
CC1CCCC(C1)=NO,6.8577799797058105
OC1C2OC1C2C1CN1,8.218672752380371
CC1N2CC2(C)C1=O,5.520301342010498
O=CNCC(C#C)C#N,7.1498823165893555
OC12C3CC3C1CC2=O,5.744260787963867
C#CC12CCC1OC=N2,7.050918102264404
CC1C2C3(O)CC3C12O,7.8689351081848145
CC12CC1CC2CC#C,7.998318195343018
CC12CCC(C1)C(=O)O2,7.48422384262085
CCC1NC(=O)C11CN1,7.2480340003967285
CC1CC1C1CCO1,8.808080673217773
CC(=O)COCCC#N,6.486956596374512
CC1(OC2C(O)C12)C#C,7.114677429199219
C#CC1CC11COC=N1,6.913890838623047
CC(CNC(C)=O)C#N,5.962467670440674
OC1CC(C1)C1CO1,8.993828773498535
CC1OCCC2C1N2C,8.205072402954102
COC1CC1CC1CO1,8.93720531463623
C#CCCNC(=O)N,7.703305244445801
CCc1ccc(cn1)N,5.214677333831787
OC12CN(C1)CC2C=O,5.936781883239746
CC12CC(=O)C1(N2)C#N,5.817770481109619
CC(=O)OC1CC2OC12,7.370710372924805
CCC1=CCN=COC1,5.981778621673584
N#CC1C2CC2C2CC12,8.099370002746582
NC12C3OC1CC23C#N,6.849672317504883
CC1OCC11CCC1O,8.325939178466797
CCC1OC(C)(C)C1=O,5.884283065795898
C1CC2OC1CC1NC21,8.333579063415527
C#CCC1=NCC(=O)O1,6.2151665687561035
O=CC12CC3C(CN13)C2,5.845987796783447
CC1=CCCC(O)C=C1,6.259828567504883
CCC1CCC(C)=CC1,7.150094509124756
NC(=O)CC1CCCO1,7.40659236907959
CCC1OCC(C)C=C1,7.028079032897949
N=C1OC2C3NC=C1C23,5.786933422088623
O=C1CNC(=O)C2CC12,5.6335954666137695
CC(C)C1OCCC1O,8.566428184509277
CCc1c(=O)[nH]ncn1,4.703060626983643
CN1CC2OC(=O)CC12,6.827563285827637
CC1NC1(CCO)C#C,7.668542861938477
COC1CC2C(O)C12O,8.130217552185059
CC#CC1(C)CCC1=O,5.791928768157959
c1c(nco1)C(=O)CO,5.634002685546875
O=C1NCCC11CN1,7.086421012878418
[O-]C(=O)C1CC2C[NH+]1C2,6.5874409675598145
CC1(CO)CCC1C#C,7.989352703094482
CC1OC(=O)C2CC1C2,7.491050720214844
OC(C=O)(C#N)C1CN1,5.681288719177246
CC1CC1(C=O)C(C)=O,5.689381122589111
CC1=CC(C)(O)CC1,6.899305820465088
CC1(CCO)COC1=O,7.44492769241333
O=C1C2COC2C1C#C,5.7146687507629395
OCC12CC1OC2C#N,7.472651481628418
CCC1CC2(NC12)C#C,7.312560558319092
C1C2CC1C21CCC=C1,6.540761947631836
CC#Cc1c[nH]c(n1)C,5.6932878494262695
CC1(CC1)N1CC1C=O,5.894827842712402
CC1C=C(NC1=O)C=O,4.708406448364258
OC1CC11OCC2OC12,8.441954612731934
O=CC1CC2C3CN1C23,5.639020919799805
CC1=CC(C)(CO)OC1,6.833131790161133
O=C1N2CC2C11CCO1,6.6631879806518555
Cc1c(c[nH]n1)OC,6.702975273132324
CC12CC3CC1C3C=C2,6.725144386291504
COC(C#N)C#CC,7.53851318359375
NC1=CC(=O)CC1C#C,5.373648166656494
CN1C2COC(C#N)C12,6.911592960357666
OC12C3COC(C13)C2=O,6.071925163269043
CC1CCOC(C)OC1,8.813578605651855
c1c(c(c[nH]c1=O)O)N,4.788414001464844
CC1OCC(CO)=C1,6.775148868560791
COCC12CC(O1)C2=O,6.17514705657959
CC1C(O)C2(C)COC12,8.334794044494629
CC(C)NC(=[NH2+])C([O-])=O,6.4595417976379395
CC([NH3+])C#CC([O-])=O,6.148411273956299
C1C=C(CC(=O)O1)CO,6.163030624389648
C1COC=NC12COC2,7.0249247550964355
c1c(c(c[nH]1)O)N2CC2,6.09141731262207
C1OC2C3CC1CC2O3,8.500165939331055
CC1CC2=CNC(=O)N12,6.292666435241699
N#CCC1NC1CC#N,7.970736980438232
OC12CC3C(N3C1)C2=O,6.262874603271484
COC12CC1(NC2)C=O,5.300656318664551
C#CC(=O)N1CC=CC1,5.774363040924072
CC1CCC(O)COC1,8.640876770019531
OC12COC1C1COC21,8.205556869506836
CC12CNC(=O)C1(C)N2,6.961021423339844
N=CN1C2CCC2C1=O,5.960153102874756
CN1CCOC(=O)C=C1,5.3028564453125
COCC#CC(C)C=O,5.900909900665283
OC1C2C1C1(CN1)C2O,8.115267753601074
C#CCC1CC=CCO1,7.168326377868652
OCC1C2CN1CC2=O,5.930154800415039
CC1OCCC2(C)CC12,8.622174263000488
CCC(C#C)C1(C)CO1,8.37999153137207
CCC1CC2(C)CC1C2,9.508543968200684
CC1CC(=N)OC1(C)C,7.775777816772461
O=C1C2CNC1C=CC2,5.452847480773926
CN1C2CC3(CC3O)C12,7.916363716125488
c1c([nH]c(=O)[nH]1)CC=O,5.050851821899414
CC1(C#C)C(O)CC1=O,6.399871349334717
CCn1ccnc1C#N,6.278057098388672
Cn1cnc2c1noc2,5.747305870056152
C1CC=CC2(CC2)C=C1,5.929991722106934
CC1CC1(C)CCC=O,6.236334323883057
CC1NC(=O)C=CC1C,5.728543281555176
CNc1c[nH]nc1C=O,5.052184581756592
COc1ccc(o1)N,5.9657111167907715
CC(=O)C(=NCC#C)N,4.9851460456848145
OC1CC2(O)CCC12,8.507156372070312
ON=C1C=CC2CC1C2,5.695574760437012
NC(=O)C1CC2CC2C1,7.4090962409973145
CC1(CO)CC1C1CO1,8.935317039489746
CC1C2COC1C21CC1,8.753274917602539
CC1C2NC2C11COC1,8.203234672546387
CC1(CO)C2COC12C,8.313270568847656
CC1NC(=O)C(O)C=C1,5.896266937255859
N=COC(C#C)C1CO1,7.502286434173584
OCC1CCCC=C1,7.003761291503906
O=CC1CC2(CC12)C#C,5.8220038414001465
OC12CN(C1)CC21CO1,8.273612022399902
CC1CN(CC1O)C=O,7.076520919799805
CC1CC2CC1C2O,8.996416091918945
CCCN=C1OCC1O,7.272078514099121
CCC12C(O)C1OC2=N,7.254247188568115
CN1C2C=CC(O)C12,6.078153610229492
CC1C2C3OC1C(O)C23,8.10445499420166
CC12CN1C(C)(C2)C=O,5.546270370483398
CN=C1OC2(C)CC12N,6.851531982421875
C(CC1COC1)C1CO1,8.775060653686523
OC1(COC1=O)C1CN1,7.196646213531494
CCC(O)C#CC1CO1,7.437032222747803
COC(C)C(=O)CC=O,5.338168621063232
OC1(CC1C1CO1)C#C,7.6608500480651855
CCC1(CC1C)NC=O,7.693454742431641
C#CCNc1ccoc1,5.786675930023193
OC1(CCC(=O)C1)C#N,6.110471248626709
OCC12CC(O1)C1OC21,8.381866455078125
CC1CC2CCCC1O2,8.723865509033203
CNc1c([nH]cn1)CO,5.888279914855957
OC1CC11N=CNC1=O,6.203899383544922
C#CCC1COC=NC1,7.400425434112549
COCC(OC)C1CO1,8.917243957519531
CC(C)C1(C)CC(=N)O1,7.58010196685791
CCC1C(O)C1OC=N,7.128165245056152
C1CC(C1)C(C=O)C=O,5.531546115875244
COC1C(C)CC1(C)O,8.44460678100586
c1coc2c1[nH]c(c2)N,5.434150695800781
CCOC1(C)CC1C#C,7.762187957763672
COC(CO)C#CC,7.901665210723877
CC12CC3(C)C1OC23C,8.581130981445312
Cc1cn2cnoc2n1,5.386044979095459
C1C(=O)CC1(CO)C=O,5.343016147613525
CC1=C(C)C(O)C2CC12,6.699293613433838
CC1NC(C=O)C1C#N,5.659578800201416
O=C1CC2CC2N=CO1,5.925473213195801
OC1CC2(CCO2)C=C1,6.346714973449707
[O-]C(=O)C12CC(C1)[NH2+]C2,7.107070446014404
CC1C2CC(=O)C(C)C12,6.0065717697143555
CC(=O)N1CC=CC1=O,5.519346714019775
CCC#CCCC1CO1,8.167509078979492
Cn1c(=O)ccnc1N,5.164680480957031
CC1OCC=C1CO,6.823577880859375
C#CC1CCC(O1)C#C,7.342696666717529
CC1C(O)C2OCC=C12,6.502795696258545
CCC1CC1(C)C1CO1,9.156042098999023
CC1C=CC2C3CC3C12,6.467054843902588
COC1CC(C1)C(N)=O,7.407454013824463
CC1CC2C3CC3C2O1,8.719054222106934
CC1(NC2CC12O)C#C,6.974828720092773
CC1OCC2(C)CC12C,8.57090950012207
CC1C2C3C4N1C2C34C,7.996203899383545
CCNC(=O)C1NC1C,7.180683135986328
CC(O)C1(COC1)C#N,7.8874831199646
C#CCC1(CO1)C1CN1,7.915843963623047
C1C(=NO)C2(O1)COC2,6.4603800773620605
Cc1cnc(=O)oc1O,4.953550815582275
O=C1CC2(CN2)C2CC12,6.112783908843994
OCC1CN2C(C#C)C12,6.978795528411865
O=C1CC2(CN2)C1C#N,6.058992862701416
CC1(C)CC2CC=CC12,6.72780179977417
O=C1CC2NC(=O)CC12,5.613982200622559
CC1(CNC(=O)CN1)C,7.264350414276123
CC1(N)C(O)C1C#N,7.290961742401123
OCC12CC(CC=C1)O2,6.659489154815674
CC(=O)C1C2CC2C1O,6.161966323852539
CC1(CC11CCO1)C#N,7.621846675872803
OCC1=NC(=N)NC=N1,5.176769733428955
CC1C2CC3C4C(C23)N14,8.2301607131958
CC1OCC2CC=CC12,7.089188575744629
CCC1C2OCC3C2N13,8.247944831848145
CC12C3CN3C1(C)C2O,7.729626178741455
c1nc2c(o1)C(=NC2)N,5.1650776863098145
OC1CC2CC1OCO2,8.410338401794434
CC12CC1C1COC1C2,8.670310020446777
CC(C#N)C1(C)CC1O,8.31950855255127
CC1(O)C(O)COC1=N,7.488092422485352
[O-]C(=O)C1OC2C[NH2+]C12,6.497324466705322
OC1C2OC(C=C2)C1O,6.714478492736816
NC1(C#N)C2C3CC3C12,7.14260721206665
CC1(COC1)CC#C,7.704044818878174
CC12CC3OCCC1C23,8.5652494430542
O=C1NC=C2CC=CC12,5.212090015411377
CC1CNC=CC(=O)N1,5.474778652191162
C1C2OC1C21CCCC1,8.937777519226074
Cc1ccnc(c1)O,5.853599548339844
CCOC(C)(C=O)C#C,6.029847145080566
CC1C(=O)CC=CC1=O,4.881887912750244
OCC1CC=C(CO)C1,6.91472864151001
O=CC(C#C)C1COC1,5.826691150665283
CCC1CCC(C)C=C1,7.118834495544434
CC1CC(C)(C)N1C=O,6.822122097015381
OC1C=CC2=C1N=CO2,5.185853481292725
CC#CCOCC#CC,7.3255839347839355
CC1C(C#C)N1CC#C,7.030485153198242
COCC1=NCC(=N)N1,5.927534580230713
CN1CC(C1)(COC)O,7.754615306854248
CN=C1N(C)CC11CO1,6.747326374053955
N=C1OCC2=C1COC2,6.17849063873291
CN1CCCCCC1=O,7.313532829284668
CC(O)C#CC(O)C#N,7.435764312744141
CC1COC2=C1C=CO2,6.378180503845215
OC1CC11C2CC2C1O,8.457550048828125
O=C1CN2C1C21CCC1,5.823432445526123
CC1C2CCC1(O2)C=O,5.962815284729004
CC1C2C3OC2C13C,8.456238746643066
CC1NC(C)C1(O)C#N,7.208959102630615
CC1CCN=COC1,7.305729866027832
CN1CC1(C)C(=O)C#N,5.130471706390381
CC(=O)NC(=N)CC#C,6.174506664276123
CC#CC1C2C3CC1N23,7.3425726890563965
C#CCOC12CC(C1)C2,7.745509147644043
OC1CC(C#C)C1C=O,5.944554328918457
CC(CO)(C=O)C(N)=O,5.754631042480469
CC1CC2(CO)CC12C,8.687466621398926
COC(=O)C1(CCC1)O,7.124589920043945
COC1=NC=CC(=N)O1,5.116644382476807
CN1CCN2C3CC2C13,7.9535298347473145
CN=COC1CC(O)C1,7.398492336273193
c1c2c(c(co2)N)[nH]n1,5.5048747062683105
CC(C#N)C1OC1C#N,7.709802627563477
O=C1OC23CC12C=CC3,5.776489734649658
CC1C(O)CC1C(N)=O,7.40191125869751
N#CCCN1CC1C#N,7.408461093902588
OC1(CC=O)CC2NC12,5.923919677734375
CCC1=CC=CCC=C1,4.902657985687256
C1CN(C1=O)CC=O,5.903787136077881
CC1C2OCC(C)C12,8.570389747619629
O=CC1=CCCC11CO1,5.315799236297607
CN1CCC1C(=O)C=O,3.735537052154541
COc1c(cco1)CO,6.236248970031738
c1c(cn[nH]1)NC2CC2,5.981924533843994
CN1CC11C2NC2C1O,8.064815521240234
CC1(CN(C1)C(=O)N)O,7.197789192199707
CC1C2CC2CC2CC12,8.907299041748047
NC(=O)C1CCC2OC12,7.433743953704834
CC(C)C(O)C1(O)CC1,8.454358100891113
CC1(C)CC1CC=O,6.152031898498535
C1OC23C4C2C2C4C32O1,7.596163749694824
CC1(CN1)C#CCC#N,7.384949207305908
CC1C(C)C2C3CC3C12,8.587159156799316
C1C2CC=CC3CC12C3,6.494839668273926
CC1(CC1)C(C)(C)C#C,8.15523910522461
Cc1c(noc1OC)C,6.335127830505371
CC1OCCC11CO1,8.808012962341309
C1C2C=CC11C=CCN21,5.507612228393555
OC1C(=N)N2CC12C=O,5.563523769378662
CC1COC(=N)C1(C)O,7.7678375244140625
CC1CC2CC(=O)NC12,7.135395526885986
OC1C2CC=CC1C2O,6.659791946411133
CC(O)C1CC=CC1=O,5.4144721031188965
CC1(N)C2CC1(O2)C#N,7.251186370849609
O=CC1CC2CC2C1,6.036327838897705
C1C2NC2C2=NNC=C12,6.794328212738037
C1C=CC(=O)N1C(=O)N,5.1826863288879395
N=C1C=CN=CN1C=O,4.460628509521484
OC1CN=CN(C1)C=O,6.243954181671143
CCC1(CC1)NC(=O)C,7.259244441986084
CC1OC2CCN=C2O1,7.3267011642456055
CCC1(O)CC1C(N)=O,7.363452434539795
c1c(oc(c1N)N)C=O,4.641379356384277
CCCCOCCC#C,8.304099082946777
O=C1CC2OC12C1CN1,5.946252346038818
CC1(CO)C2CC1OC2,8.559256553649902
CC1C=CC2=CON=C12,5.465447902679443
CC1C2C3CC2C13O,8.923087120056152
COC12CC3C(C1)C23,8.799612998962402
Cc1cc([nH]n1)CC#C,6.974091053009033
CNc1[nH]c(=O)ncn1,5.081236839294434
CC(C)(C)C(C)(C)C#C,8.533985137939453
CC12CNCC1(O2)C#N,6.551400184631348
OC1C2OC11CCOC21,8.104259490966797
CC(C)C(CC=O)C#C,6.019935607910156
CC1OC11C2OC2C1C,8.85278034210205
c1c(c(c([nH]1)CO)N)O,5.840371608734131
OCC1CC(=O)C11CO1,5.478422164916992
CC1COC(C#N)C1O,7.630459785461426
OCC#CC#CC1CN1,5.75636625289917
CC(O)CC1(CO1)C=O,5.9529128074646
CN1C2CC1(C=C2)C#C,6.035538196563721
CNC1=NC(C)C2OC12,6.593637466430664
CC#CCC1COC1,7.964552402496338
O=C1CCC11NC1C#C,5.692319869995117
CC(C)(C)C(=O)C1CC1,6.059280872344971
O=CCN1CC1C=O,5.21638298034668
OC1CC23CC(O2)C13O,7.958269119262695
Cn1c(ncn1)C2CC2,6.923027038574219
CC(C)Oc1cn[nH]n1,6.482816696166992
CC1OC(=N)OC1C#N,8.030765533447266
N#CC12CCOCC1N2,7.355611801147461
OC12CC1CNC2C#N,6.947403907775879
CC(C)(O)C1OC2CC12,8.356492042541504
CC(O)C1=COC=C1N,6.630312442779541
CC12COC1CCC2=O,5.7785234451293945
N=COC1(CCC1)C#C,7.197586536407471
Cc1[nH]cc(n1)CC=O,5.516565799713135
CCC#CC1COCO1,7.7293782234191895
O=C1CN2CCOCC12,5.656279563903809
CCCC1C(C)C1C#C,7.981440544128418
CC1C(=N)N2CC12C#N,5.807748317718506
O=C1OC2C3NC(=C1)C23,5.198901176452637
CC12CC(CC1O2)C#C,7.7417802810668945
C1CC1C1C2C3OC1C23,8.398630142211914
CCC12CC1(C)CO2,8.51190185546875
CC1C(C)C(CO)C1C,8.726710319519043
OCC1NC1(C=O)C#N,5.817530155181885
CC1(NC1C1CN1)C=O,5.727034568786621
C(CO)C(C#N)(C#N)O,7.547409534454346
N=COC1CCC2NC12,7.2537150382995605
O=CC1CN1CCC#C,5.867112636566162
CC1=C(NN=C1)C1CO1,6.298510551452637
C1CC1(CO)OC(=O)N,8.410652160644531
COC(C)C#CC1CC1,7.621366500854492
CC1OC(C)C(C)=C1C,6.834869861602783
O=CCC1OC2CC2O1,6.368228435516357
CC1(C)CC(O1)C1CN1,8.313782691955566
COCC1CC=CC1C,7.156867980957031
COCC(=N)OC(C)=O,6.640052318572998
N=C1N=COC=CC1=O,5.096643447875977
O=CCCC1C2CC1C2,6.17484188079834
CCC12CC1OC(=O)O2,8.585644721984863
OC1C2CC11CC(=O)C21,5.979349613189697
CC1C(C)=CC(=O)C1=O,4.1774210929870605
CC1OC(C)C1(O)CO,8.100713729858398
[NH3+]CC1NC1CC([O-])=O,6.62954044342041
CC1C2C3C4CCC13C24,9.412421226501465
COc1ncc(nn1)N,4.767928123474121
CC1CC1C1=NNN=C1,6.510341167449951
CCCN1C2C3OC3C12,7.384425640106201
OC1CC(O)(C#C)C1O,7.605345249176025
OC1C2OCC(C#C)C12,7.597133159637451
OC1(CC1)C1CCC=C1,6.960624694824219
CC12OC(=N)C1C1NC21,6.9731245040893555
CC12CCCC=CC1N2,6.530558109283447
CC1(C)OC1(C)C1CN1,8.39293384552002
NC(=O)N1C2CC1C2=O,6.728512287139893
CC1C=CCC=CC1C,6.805635452270508
CC(C=O)C1COC1=N,6.143233776092529
CC1(CO)C2C3CC2N13,8.521208763122559
O=C1CC2CCCCN12,6.67564582824707
CC1(CC1)OCCC#N,8.22150993347168
CCC1C2NC2CC1=O,6.000838279724121
CC12COC(CC1O)C2,8.495665550231934
CC1C2CC2C2OC12,8.937875747680664
C1COC(=N1)CC(=O)N,6.545952796936035
C1C=CC(N1)(C=O)C=O,5.097346782684326
COC1OC2CC1C2,8.785736083984375
CC12CC(C1)CCC=C2,6.827639579772949
OC1CC2NC(=O)C12,7.017102241516113
O=CC(C1CN1)C1CO1,5.808161735534668
c1cc(nc(c1O)O)O,5.445551872253418
OCC1=NC(=N)C=NO1,5.200415134429932
OC12CCCC1C1NC21,7.923450469970703
OC1CC2OCC2C1O,8.48971176147461
CN1C2CC=CC1C2=O,6.1229705810546875
CC1CC2(C1)NCC2=O,5.939267158508301
C1CN1C1C2C3CN2C13,7.927605152130127
OC1C2C(=O)NC12C#C,6.530738353729248
CC1CC(C)C(CO)=C1,6.949365615844727
CC(O)CC1CC(O)C1,8.685537338256836
CC(C1CCC1)C(C)=O,6.163262844085693
O=CC(=O)C1CC2OC12,4.168996334075928
CC1CC2C(O)C(=O)C12,5.8713765144348145
CC1(CC1)CNC=O,7.525554180145264
O=CC12CC(C1)N1CC21,5.695248603820801
CCC1OC2C1C2(C)C,8.494383811950684
C1OC2C1C1CC2C=C1,6.626670837402344
CCC#CC1(CC1)OC,7.603466033935547
O=CC12C3CC1CCC23,5.717395782470703
Cc1nc(n(n1)C=O)C,5.350526332855225
[NH3+][C-]1C=CC2=C1ON=N2,4.252342700958252
COC(=O)NCC1CO1,8.212974548339844
CCC1(CO)NC1C#N,7.288121700286865
CCCC1CC1(C)C#N,8.666271209716797
CC1(C)N2CC(O)C12C,8.029461860656738
c1cc(=O)nc[nH]c1=O,4.722527503967285
CC12CC1C(=O)C(N)=N2,5.372669696807861
CC1OC2CC3C2C13,8.67844009399414
CC(=NO)C1CC1C=O,5.813986301422119
OC1C2C3CC4C(C23)C14,8.55583667755127
N=C1OC2C3NC3CC12,7.26764440536499
CC(C)(CC1CC1)C=O,6.208244800567627
CC1CN1C1=NON=C1,5.803145885467529
COC=NCC(=O)C=O,4.5617499351501465
CC(=O)c1c(ocn1)N,4.871484279632568
CN=C1OC2CC2C1=O,5.342591285705566
CCC1(C)CC2OCC12,8.596741676330566
CC1C2OC3CC2C13,8.85169506072998
c1cn(c(n1)O)CC#N,6.4882612228393555
CC1C2(C)C3OC1(C)C23,8.354962348937988
CC12CC(C1)C(=O)C2O,6.153392314910889
O=C1C2CC3C4C(C23)N14,6.1541666984558105
N=C1CC2CC(CO2)O1,7.771055221557617
CCC12CN(C1)CCO2,8.044927597045898
Cn1c(=O)[nH]cnc1=O,5.443492412567139
CC(=O)N1CCC(=O)C1,5.755615711212158
Cc1cc(n(c1)C)C=O,4.9962382316589355
N=C1N=CNC=C1C=O,4.180631160736084
CN1CC11CCC11CN1,8.2864990234375
CCC1CN1CCC#N,7.4141693115234375
CCC(C#N)C(=O)NC,7.354610443115234
CC1(COC(=N)C1)C#C,7.047597885131836
CC1=CC2CC2(O)CC1,6.5998969078063965
C1CC11CC2NC2C=C1,6.527011394500732
NC1=NCCC1(O)C=O,5.473226070404053
O=CC1=C2CC3C2N3C1,4.706984043121338
C1OC23CN(CC2)C13,7.053718090057373
C1OCC2(CC=CC2)O1,6.833007335662842
CC1(CC1)C1CN=CO1,7.423408508300781
CC1=CCC2COCC12,6.903277397155762
OC1C=CC2(CC2)C1O,6.6475348472595215
CC1(C)CC1(O)CC=O,6.073770523071289
C1OC2C3CC12CCC3,8.422094345092773
CC12NC1CC2(O)C=O,5.5889668464660645
C1CC(C1)CNC=O,7.485316753387451
CCCc1nccnn1,4.90662145614624
OC1CC2C(O)CC=C12,6.767359256744385
CC1(CC1)NC(=N)C#N,5.756786823272705
CC1C2CCC(=O)C12,6.061128616333008
CN1CC11CC(=O)C1O,5.4468994140625
COC1(C)CN2CCC12,8.089951515197754
CC1(CO1)C(=N)OC=O,6.624420642852783
CC1C(=O)CC11CCO1,6.025442123413086
CC12CC1C1CC2(C)O1,8.5167818069458
C1C2OC1C=CCC=C2,6.839540481567383
C1COCCC1CC#N,8.354448318481445
CC1(O)C2CC1N1CC21,7.889594078063965
O=C1NCC2(CC12)C#C,6.721786975860596
CC(C)(O)C1(CO)CN1,8.242056846618652
CNC(=O)C1(CC1)O,7.054506301879883
CN1CC(C#N)C1CO,7.146616458892822
CC1OCCC2COC12,8.428810119628906
CCC(O)CC(=O)C#N,5.2498273849487305
OC12C3CC4CC1C4C23,8.488838195800781
O=C1CC2C(O1)C1CN21,6.706654071807861
OC1=COC(=N1)C1CO1,5.978893280029297
CCC12CC(C1)(C2)C#N,8.830090522766113
CC1C2CC1(C)C21CN1,8.486010551452637
CCC12CN1CCC2=O,5.916306018829346
COC(N)=NC(C)C#C,7.497634410858154
CC(=O)C1(C)CCCO1,6.157633304595947
COC(=O)C(N)C1CN1,6.8272624015808105
CC(CC(C)=O)N1CC1,6.174168586730957
CC1C2CC(=O)C12CO,5.947727203369141
CCCC#CC1NC1C,7.589502334594727
CC12C=CC34CN(C13)C24,6.059329032897949
O=C1NCCCC11CO1,7.252817153930664
CC(CC(C)=O)C(N)=O,5.872045993804932
CC(=O)C1OCCC1O,5.956971168518066
CC1CC=CC=CC1=O,4.5516438484191895
CC(C)c1c(cco1)N,5.878404140472412
OC12COC(C1)OCC2,8.393720626831055
Cn1cc(nn1)CCO,6.783743381500244
CC1C2CC1COC2,9.138884544372559
CCC1=CCCC12CC2,6.772568702697754
CCC12CCC1C(C)C2,9.06414794921875
C1C2OCC3OCOC123,8.442608833312988
O=CC12CC3C1N3C=N2,5.889954090118408
C1CC1C1CCC11CO1,8.866179466247559
C1N2CC3CC12CCO3,8.240341186523438
O=C1OC2CC3CC1C23,7.281454563140869
CC12CC3C(C13)C(=O)O2,7.232335567474365
CC1(C)C2OC2C1=NO,6.566191673278809
CNC(=O)C1CCC=C1,6.133824348449707
CC(CCC1CO1)C#N,8.588639259338379
OCC1C2CCC1C=C2,6.898020267486572
CC1N2C3C1=CCC23C,5.412915229797363
OC1(CC2OC2C1)C#N,7.89600944519043
C1CC23CC=CC2C1O3,6.3851637840271
CC12COC1C(=O)CC2,5.825815677642822
COC1(C)C=CC2NC12,6.515672206878662
CC1CC(CO)=CC1O,6.8625569343566895
CC12CC1(O)C1C(O)C21,7.960379600524902
CC12CC3CC3(O)C1O2,8.44852352142334
CCC(CC)C(O)C#C,8.216850280761719
CC(O)C1OCC(C)O1,8.567645072937012
CCC(=O)C1CCC=C1,5.875712871551514
CCC(COC)C(C)=O,6.56689453125
CC(=O)Oc1ccco1,5.660235404968262
CC1C2C3OCC1C23O,7.953317165374756
CCC12CC1(C)C(C)C2,8.971650123596191
OCCC1(CN1)C#C,7.736820697784424
CN1C2C3NC2(C#N)C13,6.745608806610107
N=C1NC=CCNC1=O,5.376833438873291
c1c(onc1N)C(=N)N,5.331214904785156
CC1(CC1OC=O)C=O,6.040140151977539
O=C1CC2COCC2O1,6.818843364715576
CC1OCC2C(O)C2O1,8.71085262298584
N=COC1C2CC2C1=O,5.7882537841796875
O=CC1C2C3CC2N1C3,5.781773567199707
OCC1C2C3N2C1C3=O,6.196910858154297
CC1CCOCCC1O,8.840335845947266
OC1COC2C3CC12C3,8.195282936096191
COC1=NNC=CC1=N,5.071903705596924
C1OC1C1=CCC2NC12,6.314857006072998
CC12CC3CC4C1C2N34,8.215349197387695
CCc1cnc(o1)N,6.249205589294434
Cc1c(n(nn1)C=O)N,4.803541660308838
COC1C2C(O)C2C1O,8.142455101013184
CC12C3CN1C(C=O)C23,5.367354393005371
CC12CCC(O)C1N2,8.355419158935547
CC1=CC23CCC2C1O3,6.2774248123168945
N#CCOC1CCCO1,7.893813610076904
CC1(O)CNC1CC#N,7.1943559646606445
CC12CC=CC1(N2)C#C,6.193623065948486
CNc1cc(on1)C#N,5.0810933113098145
OC1CC(=N)OC11CC1,7.455883026123047
C1C2OC3COC(C3)C12,8.361420631408691
CC12CN1C(=O)NC2=N,6.551280498504639
CC1(O)CC11CCOC1,8.339786529541016
NC(=O)CC1NC1C#C,7.1715407371521
C1C(=C(CO1)N)C=O,4.841960430145264
CC#CCN=C(CO)N,6.924861431121826
O=CC1CC(=O)C11CC1,5.579678058624268
OC1COCCC1C#N,7.926724433898926
c1c[nH]c(c1O)CC=O,5.0610527992248535
OC1C(O)C11NCC1O,7.529581546783447
CN1C2CCC1(C)C2=O,6.444615840911865
C1OC2CCN=COC12,7.281501293182373
CN1C(CCO)C1C#N,6.994636058807373
COCC#CC(C)OC,7.654769420623779
OC1C2CC(C2)C1C#C,8.090182304382324
OCC(CCC#C)C=O,6.199123859405518
OCC12CC=CCC1N2,6.7108073234558105
OCC(O)C1C2CCN12,7.933722972869873
CCC1CC(CO1)=NO,6.974005222320557
CN1C2CCC2OC1=O,7.592953681945801
CC1(CO)CN1CC#N,7.122758865356445
C1CC2CCCOC2C1,8.799814224243164
O=C1CNC2CC(C2)O1,6.972155570983887
C#CCOC1CN2CC12,7.127560615539551
c1c([nH]c(c1O)N)CO,6.3243913650512695
CC1C2C(C)C(C#C)N12,7.076239109039307
C1CNc2c1c(no2)N,5.814226150512695
CC1(CC(C1)C#C)C=O,5.992031097412109
c1c(cnc(n1)N)C=O,4.159569263458252
C1C2CC3C4OCC12C34,8.766609191894531
Cc1c(cnn1C)O,6.3582940101623535
CC1C2CC(C3CO3)N12,8.12240982055664
CCOC(=NC)C(C)O,7.557314872741699
CC1CCC2NC12CO,8.310722351074219
Cc1c(ocn1)OC,6.2082719802856445
OCC12CC1(O)CCO2,8.060758590698242
OC1C(CC=O)C1C#C,6.043048858642578
CC(=N)OCC1CO1,7.758364200592041
C#CC(CC1CO1)C#C,8.01515007019043
C1C=Cc2c1onc2N,5.294630527496338
COC1C=CC2C1N2C,6.710606575012207
CC1(O)CN=C(N)C1=O,5.016487121582031
CC1(C)CC2OCCC12,8.65749454498291
CC1CC1C(O)CC#C,8.13273811340332
CCOC1CCC1CC,8.832871437072754
OCC1=CCN2CC12,6.236798286437988
C1OCC2OC2CC=C1,6.744760990142822
c1c([nH]c(n1)O)CC=O,5.3629655838012695
[O-]C(=O)C1CC2(CC2)[NH2+]1,6.814578056335449
CC1(O)C(NC1=N)C=O,5.543512344360352
O=CC1C2OC1C2C#C,5.764364719390869
CC12CCC(OC1)O2,8.471410751342773
CC12CC(=O)N1C2C#N,6.937970161437988
N=C1CN=C2C=CCN12,5.116808891296387
C1C(CO1)(C(=O)C#N)O,5.239984035491943
C(CC(=N)NC=O)C=O,5.541821002960205
C#Cc1cc[nH]c1CO,5.436077117919922
CCc1cn[nH]c1C#C,5.990393161773682
CC#CC1N=COC1=O,6.3808913230896
C#CC1CC2OCC1O2,7.9731926918029785
COC1C2C3C1C2N3C,8.329741477966309
CN1CC1(C)COC=O,7.143921375274658
CC1CN1CCOC=O,7.309220790863037
C1Cc2nc(nn2C1)O,6.578914642333984
CC(C#N)C(CO)C#N,8.091864585876465
CC(=O)C1CN(C1)C=O,5.7963547706604
CC12OC1(C#C)C1CC21,7.233826637268066
CC12CC3C1(O)CC23O,8.108223915100098
CCCC(=O)OCC#N,7.5691070556640625
COCC1C2CC(=O)N12,6.742029666900635
OC1CN2CCOCC12,8.273138999938965
O=CC12CC1CN1CC21,5.530491828918457
ON=C1C=CC2CC12O,5.471717357635498
C#CC1OC2CCOC12,7.2558183670043945
CN=C1OCC=C1CO,6.2351460456848145
CC([NH3+])C1CC1C([O-])=O,7.425858974456787
CC(OC=O)C1NC1C,7.5345048904418945
CC1C=CCC1NC=O,6.520857810974121
OCC12CC(O1)C2=NO,6.911691188812256
CC1(C)C2CN2CC1=O,5.700069904327393
CC1CN1C1=CN=CO1,6.288991451263428
OC12CC1C=CC21CN1,6.291454315185547
CC12C(O)C1OC21CC1,7.944538593292236
CCC#CCC(C)C#C,7.752776145935059
CC1NC11COC2CC12,8.233016967773438
NC(=[NH2+])C1=CC(=O)O[CH-]1,5.205368518829346
CC1(O)CC2CC2(O)C1,8.438926696777344
CCCC1CC1NC=O,7.377551555633545
CC12CN3CC1(O)C23,7.773603916168213
CC1COC2COC2=N1,7.167889595031738
CCC1C2N1C(C)C2=O,6.128525733947754
CC1N2CC1(C2)OC=O,6.991893291473389
N#CCC12CC3C1N3C2,7.769524097442627
O=CNC1C=CC2NC12,6.165238857269287
OC1(CC2CC1C2)C#N,8.287667274475098
O=C1NC2C3C2N2C3C12,6.153930187225342
O=C1CCCC2CC12,6.02351188659668
CC1CC2OC(C#C)C12,7.164908409118652
OC1C2CC3OCC13O2,8.279829025268555
CC1OCC(O1)C#N,7.871551036834717
C1C=C(CO1)NC(=O)N,6.161228656768799
c1coc(=O)n1CC#N,6.289723873138428
CC1(CCC=CC=C1)C,5.5089240074157715
c1nc(c(o1)N=CN)O,5.0469512939453125
CCC1(CC(C1)O)CC,8.81085205078125
CC1OCCC(=O)C1C,6.046895980834961
OC(C1CN1)C1CCO1,8.160651206970215
N#CC1CCC1N1CC1,7.287001132965088
CC1OC2CC(C2)O1,8.665716171264648
CC1CC(O)C1(O)CO,8.234919548034668
CC1NC1C(O)C(C)=O,6.101578712463379
CC1CC2(CC2O)C1O,8.066489219665527
N=C1NN=C2OCCN12,5.791043758392334
C1OC11C2OC2C11CO1,8.628958702087402
CCC1CC(C1)C(C)O,8.780268669128418
CC#CCC1CC1(C)O,7.966519355773926
CC1=C2CC3CC(C1)C23,5.762867450714111
O=CNC1C2C3C1CN23,7.48349666595459
CCC12CCCC1(C)O2,8.706539154052734
CC12CC3C1C3(C2)C=O,5.850520133972168
NC(=O)C(O)CCC#C,7.407813549041748
OC1CCC2=C1NN=C2,6.328826427459717
CCC1OC2C3OC2C13,7.938108921051025
C1CC2(C1)CC(=O)OC2,7.431333541870117
OC12CCCC11CC2O1,7.903806686401367
CC1OCOCCC=C1,7.124238967895508
CCC1(C)C2OC=NC12,6.871588706970215
O=CCC(CC#C)C=O,5.730440616607666
O=C1OC2CC3C2CC13,7.3400092124938965
c1c2c(co1)CCCC2,6.404393196105957
CC12OC3CC1C3C2O,8.336220741271973
CCC1=CC(C)C(=O)N1,6.049703121185303
CCC(C#N)C(=O)OC,7.544858932495117
CC12OC1C(=O)NC=C2,5.667974472045898
CC(C)(C)C1CCOC1,8.776944160461426
COC=NC1C2CC1N2,6.422189712524414
O=C(NCC1CN1)C#C,5.636780261993408
NC1=C(N=CN1)C1CO1,5.938777446746826
OC1CC2(CN2)C1C=O,6.080472946166992
CN=C1C(O)CN1C=N,6.333494186401367
CN1C2C3OC2C13C#C,6.714844703674316
CC1C2(O)CC1(O)C2=O,6.172815322875977
OC12CCC1CC=CC2,7.046233177185059
CC(CC1CCO1)=NO,6.673038005828857
CC12CC1CCC1CC21,8.917661666870117
N1C2C=CC3OC2C13,6.154964923858643
OCC1=CC(O)C(O)C1,6.654143810272217
C1C2CC11OCCCC21,8.36127758026123
C#CC1CC2CCC2C1,8.305573463439941
N#CC1CCC=CCC1,7.119804382324219
OC1C2CC3C2C1C3=O,5.970429420471191
CC12CC3(O)C(O1)C23O,7.94180154800415
OC1(CC2CCC12)C=O,6.089223861694336
OCC1OC=NC11CC1,7.059662818908691
CC12OC3C(C13)C2CO,8.30277156829834
CN1C2CCC3(CO3)C12,8.220399856567383
CCCN=COCC#N,7.302445411682129
OCC1C(C#N)C2CN12,7.287146091461182
CC1NC(C)C(=O)C=C1,5.11691951751709
CC(O)C1=CNC(=O)O1,6.657985687255859
COC1(CO)CC1C#N,7.696791648864746
CNC(=O)OCCC#C,8.28534984588623
CC12OC(C=C1)C2C#N,6.389415264129639
C1OCC2OC3C1OC23,8.132417678833008
CC12CC(N1)(C#N)C2N,7.142134666442871
OC12CC(C1)(C2)N1CC1,8.285821914672852
CN1Cc2c(nc[nH]2)C1,5.763070583343506
CN=C1CC(CC#C)O1,7.752361297607422
C1OC1C1OC2CCC12,8.66569709777832
CC(O)C#CC(N)=O,6.3228983879089355
CC1=C(O)OC(=N)C=C1,4.377167224884033
OCC1CC(=O)C1C#N,6.061845302581787
CC1(COC(=N)C1)C#N,7.418107032775879
CC12C3CC1CCC2C3,8.99490737915039
OC1C=CC2(OC12)C#N,6.302890777587891
CN1CC11C2C3CC1C23,8.37394905090332
C1CC1CCCOC=O,7.557787895202637
C1C23COCC12C1NC31,8.005671501159668
CC(C#N)(C#N)C1CC1,8.456252098083496
COC(C#C)C(N)=O,7.376471996307373
CCC1(CCC1)CCO,8.926568984985352
O=C1NC(=O)C2CC2O1,6.249076843261719
CC1(COC1=N)NC=O,6.407892227172852
CC1OC(C#C)C11CC1,7.581530570983887
OCCCC1(CO1)C#N,7.918135643005371
ON=C1CC2CCC12,6.866376876831055
C1NC1C12CCC1CO2,8.340547561645508
COCC1(O)CCOC1,8.428757667541504
OCC1COCC(=O)C1,5.8160223960876465
COC1C2C1C1CCC21,8.557026863098145
OCC(O)(C#N)C1CO1,7.924406051635742
CCC1OC2CCOC12,8.460508346557617
OCC1C(O)C11CCO1,7.603103160858154
COC12CC1(C)CC2=O,5.974329948425293
CN(C)C1=NCC(=O)N1,6.256717205047607
CC1CCC(CC1)C#N,9.125959396362305
O=C1C2C3C2C2C3CC12,5.881824016571045
CCC(C)C12CC1CC2,9.027691841125488
CC1=CC(O)C(CO)C1,6.845783710479736
OC1CC2NC2C(O)C1,7.930291652679443
O=C1COC(=O)N2CC12,5.936605930328369
CC1OC(=N)C1CCO,7.65484094619751
O=C1NC(C#C)C11CN1,6.964733600616455
CCC1C2C(=O)OC12C,7.407731533050537
C1C2OC3C=CC2OC13,6.38765811920166
CCC1CN(C1)CC=O,5.868711471557617
N=C1OCCNC11CC1,6.948364734649658
Cc1cc(c([nH]1)O)O,6.184716701507568
C(CC=O)CNCC#N,5.835665225982666
CCC1C[NH2+]C1C([O-])=O,6.632343769073486
CNC(C=O)C#CC#N,5.079385280609131
N=C1OCC11CN=CO1,6.632998943328857
C1CC2C3C=CC(O1)C23,6.416011810302734
CC12C3OC(C13)C2CO,8.179780960083008
O=CCC(CC#C)C#N,6.137049198150635
CC(O)C1OC(=N)C1C,7.535574436187744
CCC(=O)C1CN1C,5.892636775970459
O=CC1(OCC=C1)C#N,5.712332248687744
OC1C2CC3CN=C1N23,5.522151470184326
C1CC23CC(C2)CCC13,8.981541633605957
OC(C#C)C1(CO1)C#C,7.333959102630615
N=C1NC(=O)CC1C=O,5.521578788757324
C#CC1=CNC(=O)NC1,5.600687026977539
CC12CC3N=COC1C23,6.656327724456787
CC12CC3CN4C1C2C34,7.973291873931885
CC(C#C)C1=NON=N1,6.073154926300049
[O-]C(=O)C(NC=[NH2+])C#C,5.77423620223999
CC1=CC2COC2(C)C1,6.669780731201172
CC12CNC1C(O2)C#N,6.73749303817749
CC1OCC2(OC12)C#N,7.406460285186768
CC1CC2=NON=C2O1,6.210113525390625
CCC12NC1C1(C)OC21,7.715254306793213
CC1C2C3C=CC1(O)C23,6.1835479736328125
CC1(CNC1=[NH2+])C([O-])=O,6.1294145584106445
CC1=CC2(CO)CC1O2,6.595306873321533
C1OC23CC4C(C2)OC134,7.429830074310303
Cc1coc(n1)C2CC2,6.332264423370361
CCCOCC(=O)C#N,5.236372470855713
Cc1ccc(=O)oc1C,4.62553596496582
OC1C2[NH2+]C1C2C([O-])=O,6.116451263427734
CC1(C)CC2NC12C=O,5.828266143798828
CCCC(=O)C1CCC1,6.180912017822266
CCC1C(C)COC1=O,7.4043378829956055
OCC1C2CC2CC1O,8.363465309143066
c1ccc2c(c1)CCO2,5.913640975952148
N=C1OC=CN=C1C=O,3.9717299938201904
CC1COC(=N1)N1CC1,6.899564266204834
N=C1OC=CC=NC1=N,4.351302623748779
CC(O)(C#N)C1COC1,7.762881755828857
CCC(=O)NCC1CC1,7.437393665313721
CC1CC=C2CC=CC12,6.378473281860352
N#CC1CCCC1C#N,7.98322868347168
O=C[C-]1[NH2+]CC=CC1=O,4.758235931396484
CC12CC1(NC=N2)C#N,6.282332420349121
CC(=O)C1C2CC1CC2,6.134344577789307
CC1CC(=O)C(=N)N1C,5.037808418273926
Cc1cc(c([nH]1)OC)N,5.936239242553711
CCC1OC11CNC1=O,7.213649749755859
CC(=O)CC1OCC1O,6.129458427429199
CC1CC2(O)CC12C#C,7.343943119049072
NC(=[NH2+])C1=COC(=N)[N-]1,4.510921001434326
CCC(=O)C(=O)C(=O)C,3.8586034774780273
Cc1cn(cc1N)C=O,4.778870582580566
CC(O)C12CC(O1)C=C2,6.667098045349121
OC1CN2CC3(CO3)C12,8.201423645019531
CC1(O)C2OC2C1CO,8.407269477844238
NC(=O)C1CC(C1)=NO,6.498905181884766
CC1OCC(C=O)=C1C,5.121642112731934
CN(CC(=O)OC)C=O,6.016217231750488
CC1CC(=O)C(O)C1O,5.971097469329834
COc1cc(c([nH]1)O)O,6.200141906738281
O=C1COC2CC1C2,5.791059970855713
C1CN(C(=O)N1)CC=O,6.118499755859375
O=C1CCC2OCC=C12,5.8892364501953125
COC1(CC=O)CC1O,6.014640808105469
CC1(C)C2C(CN12)C=O,5.877802848815918
CCCC(CC)CC#C,8.652785301208496
CC12OC3CC1CC3O2,8.167423248291016
CC#CCN=C(C=O)N,5.10305118560791
COC=NCC1CC1,7.381410598754883
C1CCC(=CC1)CC#N,6.552858352661133
O=CC12CC3N=CN1C23,5.718395233154297
OC1CC[NH2+]C1C([O-])=O,6.321839809417725
O=C1C2CC3CN1C23,5.998799800872803
CC1CC2CC(=O)C12,6.034444332122803
CCC1C(C)C2CC12C,9.149312019348145
O=C1CC23COC2CC13,5.895153999328613
O=CC1OC2(CC12)C#C,5.7746076583862305
OC1C2CC3(O)C2CC13,8.253338813781738
C1OC11COC11CCC1,8.455790519714355
CC1C2CC2N1C=O,6.7465081214904785
CCC1C=CC2(C)NC12,6.679696559906006
C1CC1CCC(=O)C#N,5.248186111450195
C1C2OC3=NOC=C3C12,6.041507720947266
N=C1CCC(O1)C1CC1,7.750871658325195
C1CCOC(OC1)C=O,6.009853363037109
CC(C)(C(=O)C1CC1)O,6.0001420974731445
O=CC12C3CC1COC23,5.830244541168213
CCC1CC(OC)C1O,8.365692138671875
OCC12CC3OCC1C23,8.38258171081543
CC1CC2(CCC2C)O1,8.573628425598145
CC1C(=O)C2OC2C1=O,5.128019332885742
CCC(C1CO1)N1CC1,8.782926559448242
COC1CCC11CC1,8.73554801940918
CN1CC1C1=NOC=N1,5.664061546325684
N=COC1C2CCC12,7.330779552459717
C1CC2OC2C=CCO1,6.956546783447266
CC1OC1C1CN=CO1,7.3260498046875
CC1C(CO)CC2CN12,8.063056945800781
CCc1cc(oc1)C#N,5.855055809020996
CCN(C)C(=O)C#C,5.9673943519592285
CC1C(C)C2=CC=CN12,6.340054035186768
CC12CCC3C1OC23,8.598715782165527
C1CC12COC(=O)C2=O,5.795772552490234
CC1COC2CC=CC12,6.962443828582764
C1C2C3OC4C3N2CC14,7.737151145935059
OC1C=CC(O)C11CN1,6.59981632232666
N#CC1CC(O1)C1CC1,7.903284072875977
CC1(CO)C2COCC12,8.644112586975098
CC1(N=CN2CC12)C#N,6.482867240905762
NC(=O)CN1CC1C#N,6.793241024017334
OC1C2OC1(C=C2)C#C,6.495979309082031
O=CC1OCC(O1)C#N,6.183177947998047
CC1OC2C(CC12)C#N,7.575228691101074
CC1COC(=O)CCO1,7.232913970947266
CC(O)C(C)(C#N)C#N,8.081137657165527
CC1=C(C)C(CC1)C=O,5.61764669418335
C1CC11C2OC1C21CC1,8.88456916809082
CCC1(CO)COC1C,8.552908897399902
O=C1NC2C1CCC2=O,5.438879013061523
CC1C2NC1(C#N)C2C,7.721203327178955
CC1CC2NC2C1O,8.426846504211426
c1cc([nH]c1N2CC2)O,6.186408042907715
[NH3+]CC(O)[C-](C#N)C#N,7.383992671966553
C1C2CC3CCC(O3)C12,8.64544677734375
[O-]C(=O)C1[NH2+]C2CC1C2,7.257164001464844
CCc1cc(c[nH]1)C#N,6.118750095367432
N=C1OCC2OC12C#C,7.161024570465088
c1c2c([nH]n1)N=COC2,5.565839767456055
CCCC1(O)CCC1O,8.637645721435547
COC12CN3CC1C23,8.124069213867188
CCN=c1cnonc1,4.604720115661621
CC1(C)NC1C(=O)C#C,5.201785087585449
ON=C1C2CCC1CC2,7.052669525146484
C#CC1CCC2CC2O1,7.860467433929443
OC1C(O)C(C#C)C1O,7.397347927093506
CC12CC1OC(=O)N2,8.073224067687988
OCC12CC(CC1)O2,8.506173133850098
CN1C2CC1C(=O)C2,5.517801761627197
OC1CNC11COC1=O,6.543025970458984
CC1CN2C=CC=C2C1,6.2243852615356445
N#CC12CCNC1CO2,6.963418483734131
Cc1cc(cnc1O)N,5.322037220001221
COC(C)(C=O)C1CN1,5.84174108505249
OC(C#C)C1CCOC1,7.565755844116211
CC(C#N)(C#N)C1CO1,7.93223762512207
CC(OCC#N)C1CC1,7.983686923980713
CCC12CC1C(C)C2O,8.498018264770508
CC1(OCC11CO1)C#N,7.758439064025879
CC1OC2C(O)C2(C)O1,8.408947944641113
O=CCCC1CN1C=O,5.7989044189453125
[NH3+]CCC1=NOC=C1[O-],5.538571834564209
CCC12COC(CO1)C2,8.587637901306152
CC1=CCNC(=N)C1=O,4.405270099639893
CC1(COC1)C(=O)NC,7.214582920074463
CC1CC2OCC1C2=O,6.49208927154541
c1c2c(n[nH]1)CCCC2,6.578644752502441
N#CC1CC2(CO2)CO1,7.90865421295166
N=C1OC2C(C3CO3)C12,7.314464092254639
[NH3+]C12CC(C1)(C2)C([O-])=O,7.093799114227295
NC1(C#C)C2OC(=N)C12,6.606469631195068
CC1C2C3CN2C13C#C,7.305295467376709
CC(O)(C#N)C(O)C#C,7.75554084777832
O=C1CC2NC1C2C#C,5.871156692504883
CC#CC1CC2OC12C,7.649160385131836
COC1C(=O)C2CC12C,5.907785415649414
CC1C2(CO2)CC1(C)O,8.574837684631348
OC12CC(OC1)C2C#C,7.582036018371582
CC1OC1C1=CON=C1,6.194484710693359
OC1(CC1)C#CC1CN1,7.087997913360596
CC(=O)C1(CC1)OC=N,6.121829032897949
CC1C2C(O)C=CC12O,6.25119686126709
CC1C2C3C2C2(C)C3N12,8.131933212280273
CC1OC=NC2CC1C2,7.125960350036621
N#CCC(C#N)C1CN1,7.457014083862305
OC1CN2C=CC(O)=C12,6.2035675048828125
CC(C#C)C1=NON=C1,6.269291877746582
O=CCC1CCN2CC12,5.7637200355529785
CC1(CCOCO1)C#C,7.824865341186523
COCC(C#N)(C#N)N,7.601840972900391
CN1C2C3OC2C(=O)C13,5.598781108856201
O=C1CCC2CC12C#N,6.002452850341797
CCC1(OC)C(C)C1C,8.64488697052002
Cn1cc(cn1)NC=O,5.4376983642578125
CC1CC11OC(=N)C1O,7.333937644958496
NC(=O)C1OC1C1CC1,7.3873162269592285
CC1(CC1)C1CC1CO,8.965030670166016
O=C1OCC2C=CCN12,6.293703079223633
CC1=CC2(C)CC3C1C23,6.131547451019287
OC1CC2C3CC3C12O,7.948290824890137
CC1=C(CCC1)NC=O,6.22596549987793
CCCC(C#N)C1CN1,7.6902546882629395
c1c2c(co1)NC=NC2,5.383734703063965
CC(=O)C12NC1CC2O,5.516541481018066
CC1CCC1(O)CC#N,8.127206802368164
CC12CC1(CO)C(=N)O2,7.387445449829102
OC1CC(C2CO2)C1=O,6.004715919494629
ON=C1CC2(CCO2)C1,6.682270050048828
CC1C(O)C1OC1CC1,8.357159614562988
C#CC12COC1C=CC2,6.589883804321289
Cc1cnc(cn1)NC,4.979354381561279
CC(O)C12NC1C1NC21,7.203102111816406
CC12CC3C(C1)C3O2,8.880681037902832
CC1OCCOC(=N)O1,7.919053554534912
C1C2CN1C1=CNC=C21,5.958249568939209
N=COC(=O)NCC#N,7.095496654510498
CCCC12CC3C1CC23,9.65436840057373
CC1CC2C3C(CN23)O1,8.180903434753418
C1COCOCC1=NO,6.650680065155029
CC12CC(O1)C(C)(O)C2,8.489096641540527
OCC12CC1C(C2)C#N,8.053630828857422
CC1C(=O)OC1(C)C,7.502976417541504
C1COC(OC1)CC=O,6.229568958282471
CC1COC2=C1C=NO2,6.162718772888184
N=COC1OCCC=C1,6.803781509399414
C1OC1C12CC1CO2,8.407771110534668
OC(C#C)C(O)C1CC1,7.980045795440674
Cc1ncnn1C(=O)N,6.0508551597595215
C(C=O)OC(C#N)C#N,6.5169477462768555
C#CC(=O)C1CCCC1,5.621648788452148
OCC#CC1CCOC1,7.423485279083252
N=C1COC(CO1)C#C,7.343632221221924
COC12C3CC1(O)CC23,8.339744567871094
CC1C2C1C1C(O)CC21,8.31369686126709
CC(C)C1CCOC=N1,7.521476745605469
N#CC1C2NCCNC12,6.866811752319336
N#CC12COC1CCO2,7.251545429229736
C1CC1C1C2COCC12,8.655632019042969
OCC12COC1CN2,8.112601280212402
OC1C2NC(=O)C(=O)C12,4.6667280197143555
CC1CC1(C)OC(N)=O,8.261738777160645
COCCNC(=N)C=O,4.870694160461426
CC1=C2CC3C(C1)C23C,5.452948093414307
CC1CC(=O)OC11CC1,7.513895034790039
CC1(CC#CC#N)CN1,6.485856533050537
CC1NC(C#N)C11CO1,7.502060890197754
c1c[nH]cc(c1=NO)O,4.665802955627441
CC1CC1([NH3+])CC([O-])=O,7.255081653594971
C(C1CN1)C1=CNC=N1,6.784064292907715
CC1(O)C(O)CCC1=O,6.043052673339844
CCC(O)CN=COC,7.445932865142822
CC1CC2=C(N1)OC=N2,6.2152862548828125
CC(C)C12CC3C1CN23,8.296235084533691
CC12CC=CC1CC2O,6.824268817901611
O=C1OC=NCC2CC12,6.426766872406006
OC1C2(O)C3CC1(O)C23,8.027608871459961
O=C1C2C3C4OC1C4N23,5.8343892097473145
CC1C2C1C(O)C2O,8.399947166442871
CC12CNC1(C)C(=O)O2,6.951997756958008
C1C2C3CCCOC1C23,8.45590877532959
CC1CC(C)C2(CC2)C1,9.530274391174316
CN=C1OC(C)OC1=N,6.6861796379089355
CC12OC=NC1C2CO,6.9208784103393555
CC1(CC2CC1C2)C=O,6.087611675262451
CC1(O)CC11OCC1=O,5.67390775680542
CCNC1(COC1)C=O,5.526561260223389
C1C2CCOC3CC3C12,8.388984680175781
CC1C2C3C=C(C)C1N23,6.124496936798096
CC1CC2(CN2)C(C)=C1,6.576950550079346
CCN=C(C#N)OCC,6.856050491333008
O=C1NC2CC1C1NC21,7.110636234283447
CCC12CC(C1)C(C)C2,9.615823745727539
c1nc(c2n1CCO2)N,6.012988090515137
O=COC1CC(C1)C=O,6.333291530609131
CC1=C(C)C(=N)OC1,6.191371917724609
O=CCC1C2CC1O2,5.835888862609863
CC1CC23CC4C2C1C34,8.988889694213867
c1c(nc([nH]1)CO)C=O,4.878230094909668
CC12OC3C4C(OC13)C24,8.147591590881348
COC1(CO)C(C)C1O,8.161295890808105
O=C1CCOC2COC12,5.6706461906433105
C1COCC2(CO1)CO2,8.855523109436035
CC1C=CC(O)C1=NO,6.243200778961182
CC1(CO)OC1(C)C#C,7.431771278381348
CC12CCC(C1)OC=N2,7.4644880294799805
OC1CCC(C=O)=CC1,5.213520526885986
CC1(C)CC2OC2C1,9.036526679992676
CC1C2CC3(COC3)C12,8.7306489944458
CC1C2CC(C2O)C1=O,5.956797122955322
CCCCC1CC2CC12,9.276996612548828
CC1CC1OCCC=O,6.188539981842041
COC1C2CC2C1C=O,5.841979503631592
OC12CC3(NC1C23)C=O,5.675351142883301
C1CC(C1)C(=O)CC#N,6.33127498626709
COCC(C)(CO)C#N,8.20567512512207
CC#CC1C2CC1(C)C2,7.9850239753723145
CCNC(C=O)C#CC,5.453868389129639
CCC1(C#C)C(O)C1O,7.576659202575684
COC12CN(C)C1C2C,7.743436813354492
N#CCN1C2CCCC12,7.210066318511963
CN1C(=N)CN=C1C#C,5.4139251708984375
COC=NC(C)C#CC,7.319236755371094
c1c2c(no1)C=CCO2,5.515194416046143
C1COCC12CC(=O)C2,5.908823490142822
OC1C(=O)C2CN2C1=O,5.283961296081543
CN(C)C(=O)NCC#N,7.471073150634766
CC#CC(=NO)C(C)O,6.263145446777344
COCc1cc(oc1)N,6.02341890335083
O=C1CC23CC(C2)C3O1,6.497925281524658
CC1OC2COC=NC12,6.938766956329346
CCCN1C2C3NC2C13,7.706335544586182
C1CC1CCOC=O,7.68910551071167
CN1N=NC(C)=CC1=O,4.430715084075928
CCC#CCC(O)C=O,6.09010648727417
CC1CC(C1)C(=O)CO,6.210082530975342
NC1C(OC1=N)C1CN1,6.904715061187744
CC1=CC2(O)CC1C2=O,6.141364097595215
ON=C1C2CC(O)C1N2,6.619999408721924
O=CC1=CC2COC1C2,5.082497596740723
CC1C(C)N1CC(C)=O,6.126362323760986
OC12CC1(O)C(C2)C=O,5.89785623550415
NC(C#C)C(CO)C#N,7.313513278961182
OC12CN3C4CC(C14)C23,7.891142845153809
OCC1CCOC1C#N,7.727752208709717
CC1CC1CC(O)C#C,7.8837361335754395
OC1C=CCC11CCC1,7.001850605010986
CC1CCC=C1C1CO1,6.823503494262695
OC1CNC2=C1N=CN2,5.8244171142578125
c1[nH]c(c(n1)O)N2CC2,6.185686111450195
CC1NC1(C)C1CO1,8.838048934936523
Cc1[nH]c(cn1)OC=O,6.038543701171875
CC1(C)C(O)C=CC1O,7.012548446655273
COC1C2NC2CC1=O,5.875137805938721
C1C2C1C13COC1C2C3,8.439532279968262
CC12C3CC1N3C2C=O,6.231805324554443
OC12CC1C1NC21C#N,6.664957046508789
CC1N2CC1(C)OCC2,8.128061294555664
CCC1=NC(C)C(=O)N1,6.434279918670654
CCCCC1OCC=C1,6.912098407745361
CC(=O)C1CC2CCC12,6.114635467529297
CCC(=O)C1COC1C,6.041711330413818
O=CC(CC1CN1)C#N,5.7263007164001465
OC1C2CC1C2CC#N,8.121123313903809
C#CC12CN1C1CCC21,7.201165676116943
Cc1cnoc1C2CC2,6.4161882400512695
CC1CC2OC12CCO,8.828370094299316
CCC12C(C)C3C1CN23,8.2914400100708
CCC1=C(C)CCC1C,6.832673072814941
OC12CC1N(C=N)C2=O,6.65968656539917
OCC1(O)C2C3CC1N23,8.076118469238281
N#CC12C3NCC1OC23,6.685581207275391
CC1CC(C)(O)C(=O)N1,7.218905925750732
CC12NC1C(O)C1OC21,7.849123954772949
CC12COC1C2(C)C=O,5.693797588348389
C1C(CO1)OCC(=O)N,7.311424255371094
OC12CC1C1C2N1C=O,6.402713775634766
CC1(O)C2N3CC3C12O,7.428842067718506
C1CC1C2CC(=O)C2,6.108479022979736
O=C1OCC2(CN2)C1=O,4.6955413818359375
NC(C#N)C1C2CC1C2,7.845302104949951
CN1C2CC(O)C12C#N,6.96885347366333
CCC1(C)OC2C(C)C12,8.422868728637695
C1COC(=N1)CN2CC2,6.833410263061523
CCC(C)(C)C1(CC1)O,8.637925148010254
CCCC12OC1C1CC21,8.364570617675781
CC1C(O)C(C#C)C1O,7.534685134887695
OC12CC1C1(CO1)CC2,8.547418594360352
CC1C2N1C(=O)OC2=N,6.6668314933776855
CC1OC2C1CCC2=O,5.931722164154053
CC1C2COC2C1C=O,6.076223850250244
CC12C3CCC1CCC23,8.829448699951172
CC(=O)C1CC(O)C1,6.152925968170166
CC12CC(=O)C1C1CC21,5.70821475982666
CC12OC3(C)CC1C23C,8.345968246459961
CN1C2C3CC(C3)C12C,8.004698753356934
Cc1c(non1)N(C)C,5.937819480895996
CC1OC2C1CC2=NO,6.736847877502441
CCC#Cc1c[nH]cn1,5.663553237915039
CC1N2CC1(C2)C1CO1,8.447009086608887
CC(=N)OCCC=O,6.414675235748291
C#CC1OCC2COC12,7.305920600891113
O=C1CCC2CC(C2)O1,7.097745418548584
CN=C1NCC1(O)C=O,5.200709819793701
OC1C=CC2CC=CC12,6.45534610748291
CN1C2CC(C)(CO)C12,7.8780035972595215
Cc1c(c[nH]c1CO)O,6.20416784286499
C1CC23CC(CC=C2)C13,6.150496006011963
C1CC1C(C=O)C=O,5.61115026473999
OCC1=CNC(=N)C=N1,4.495491981506348
CC1CC2CC12C=O,5.953118324279785
CC1C(C#C)C1C1CO1,7.783442974090576
CC1=C2CCC2OC1=O,5.952601909637451
NC(=O)C1CC(C1)C=O,5.971873760223389
O=C1OCC2C1C1CN21,6.962639331817627
CC1(COC1)N(C)C=O,6.447591304779053
CC(O)C1CN=C(C)O1,7.25376033782959
O=CN1C2CC3(CC3)C12,6.8166608810424805
CN1CCOC(CO)C1,8.003451347351074
ON=C1C2OC2C11CO1,6.6594648361206055
NC(=[NH2+])[C-]1N=COC1=O,5.695580959320068
CC(O)C1=COC=N1,6.689146518707275
C1C23CCOC12COC3,7.8735671043396
CC12CN3C(C13)C21CO1,8.520099639892578
CC1CC2CC3C2OC13,8.572909355163574
Cc1[nH]cc(c(=O)n1)N,4.936012268066406
CC(CC1CCO1)C=O,5.860508918762207
C(C1CO1)N1C=CC=C1,6.437041759490967
OC1(CCC=C1)C1CN1,6.733206272125244
N=COCC(C#C)C#N,7.385841369628906
CCC(C1CC1)C(N)=O,7.632585048675537
CC1=C([O-])OC(C[NH3+])=C1,4.368490219116211
C(C1CO1)C12CCC1N2,8.911231994628906
CN=CN1C2CC1C2=O,6.144324779510498
CC1CC2CC1(C2)C=O,6.049111366271973
Cc1nc(no1)C(C)C,6.86245059967041
CCOC1(COC1)CO,8.47275161743164
Cc1c(c(n[nH]1)O)C=O,4.89463996887207
O=C1CCC2NC2CN1,6.782090663909912
CC(CC#C)C1(C)CO1,8.541940689086914
CC1CC2CC2C1(C)O,8.590579986572266
ON=C1C2CC2OC1=O,6.214954376220703
CC#CC1=NCC(C)O1,6.721723556518555
CC(=O)C(=O)OC1CC1,4.955618381500244
N=C1NC2C3OC12C=C3,6.119665622711182
CC1(O)C(O)C1CCO,8.125846862792969
N=C1OCC2CC2C=C1,6.37910270690918
CCC12CC3CC1(O)C23,8.403230667114258
C(N=C1CCO1)C1CN1,7.3807525634765625
CC12OC3=NCC1C23O,5.881585121154785
CN(C)C(=O)COC=O,6.463550090789795
CC1CN1C(=O)C1CN1,6.543220043182373
CC(O)C1=CC=NO1,6.592372894287109
CC12CC1(C)C(C2)C=O,5.944705486297607
OC(CCCC#N)C#C,7.8723273277282715
CC12CCC(O)C1C2O,8.180792808532715
CCC1CC=CC=CC1,5.332040309906006
OC1(C=O)C2C3CN3C12,5.595372200012207
CC1C2C1C1(C)CC2C1,9.049461364746094
CCC1OC(=NC)C1O,7.300917148590088
CC1OC2CC2(O)C1C,8.214323043823242
COC12CC3(C)C1OC23,8.465780258178711
CC(=O)CCCNC=O,5.97943639755249
CC12OC1C1CC2C1=O,6.258498191833496
CC12CC(C1)C1(CC1)O2,8.633161544799805
CCOC1CC2C(C)C12,8.715936660766602
CC1C=CC(=O)C1C#C,5.127223968505859
CCC1CC(C=C1)C#C,7.040219783782959
O=CC1C2CC1C1OC21,6.184201717376709
C[NH+]1CCC1C([O-])=O,6.203397274017334
O=CC(=O)NCC1CO1,4.967159271240234
CC1=C2CC3OC(C1)C23,5.448785305023193
CC(=O)CC(=O)CC#N,5.641191005706787
CC1=C(O)N=COC1=N,4.9021759033203125
CC1CCC(O)C1C=O,6.066803932189941
CCC(O)CC1CCC1,8.923855781555176
N=C1CC2(CCO2)CO1,7.429611682891846
CC1C2CC=CCC1O2,6.928194522857666
OCC12CC1C1COC21,8.4085111618042
CCCc1cc(n[nH]1)C,6.824429988861084
NC1=NCC2COC1O2,7.010781288146973
C#CC(=NO)CC1CC1,5.647495269775391
CN=C1CC2(CC2C)O1,7.336662769317627
CCc1c(onn1)C,6.172165393829346
CC(C)(C#C)C(O)C#N,7.863504409790039
O=CCC(C#C)C1CN1,6.033595561981201
N=C1OC2CC1C2C#C,7.507870674133301
CC1OC1(C#N)C1CO1,7.650952339172363
CCOC1(C)C2CC1C2,9.013646125793457
CC1C(NC1=O)C(N)=O,6.1870527267456055
C1CC(=O)CCOC1,6.126572132110596
C1COC(=N1)C#CCO,6.144430160522461
CCC1N2CC3C2C13C,7.813104152679443
OCC#CC12CN1CC2,6.910253047943115
CC1=CC=CCC(=O)C1,4.7078657150268555
CCC(O)C1CC1C=O,6.237016201019287
COC=NC12CN(C1)C2,6.366297721862793
OCC12CC1CCC2,8.820657730102539
CC12OC1C1OCOC21,8.337646484375
CC1=CN(C=O)C(=N)O1,5.4068684577941895
CC(=O)C(C#C)C(N)=O,5.429934501647949
Cc1cnn2c1CC=C2,5.33256721496582
CC1COC1C1(C)CN1,8.18641185760498
C1CC1CN=CNC=O,6.192782402038574
CC1C2CCC12C(N)=O,7.040823936462402
CC1COC(=O)C1(C)C,7.28025484085083
C1CC23CC4C(C12)N4C3,8.380253791809082
CCC(=NO)CC#CC,6.332131862640381
C#CC(=O)CCCCO,5.735415935516357
CC1CC11CC(O)C1=O,5.88004732131958
CNC1=C(N=NO1)C#C,4.9795122146606445
COC(C)(C)C1CCO1,8.40505313873291
NC(C#N)C1(O)CC1O,7.480736255645752
OCC12CCC1C2C#C,7.704256534576416
COCC12CN1C(=O)C2,6.490095138549805
C1OCC2OC1C1OC21,8.670466423034668
O=CNC(CC#C)C#N,7.048569679260254
CC1C2CCOC(=O)N12,7.584774494171143
O=CC1COC(C1)C=O,5.573724746704102
CN1CC11C=CNC1=O,5.821138858795166
C1CC2CC1COCO2,8.87019157409668
O=C1CC2NC2CN1,6.984553813934326
COC(=O)C(C)(N)C#C,6.863097667694092
CC1C=CC2OCC12C,6.727029323577881
OC1(CCOC1)C1CN1,8.317253112792969
COC(=O)c1[nH]ccn1,6.030180931091309
CCOC1CC2OC2C1,8.783872604370117
OC1COC2CCC12O,8.168562889099121
CC1CC(CO)OC1C,8.697831153869629
OC12CC3C(C1)C3CC2,8.903221130371094
CCCC1(CO)OC1C,8.577302932739258
CC1(C#N)C(O)C1O,7.619702339172363
CC1=CCC2(C)OCC12,6.742987632751465
OC1COC2=CON=C12,6.416495323181152
CC1C2CC(O)CCN12,7.823624134063721
CC#CCC12CCC1N2,7.772695541381836
OCC1CC2CC(O)C12,8.450947761535645
CN=C1OC2(CC12)C#N,6.840575695037842
N=C1OCC1C1CCO1,7.600907325744629
OC1C2OC3COC3C12,8.139152526855469
OC1CN2CC3NC3C12,7.6578168869018555
CC(C1CO1)C1(O)CC1,9.00058364868164
O=CCC12CC3C1OC23,6.0093512535095215
C1CC2CC3OC(C2)C13,8.685317039489746
O=C1CC(NC=C1)C#N,5.064147472381592
CC1(O)CCOCC1=O,5.903404712677002
COCc1c(c[nH]n1)N,6.364617824554443
C1CC1OCCCC=O,6.153206825256348
CC1(C)C2CC1C2(C)O,8.839560508728027
CC1(CC#N)CCOC1,8.008076667785645
CC(=O)C1CC(CO)C1,6.1580491065979
N=C1OCCCC2OC12,7.442202091217041
N#CC1CC2CC2CO1,8.001964569091797
CCC(C)(C#N)C(C)=O,6.624566078186035
CC1CC2(C)CC3C1C23,9.063111305236816
CCC1C=CC(C)C1O,7.103481292724609
CC1N=COCC1(C)O,7.370087146759033
NC1(C=CCC1O)C#N,6.8508381843566895
CCOCC(CC)C#N,8.483094215393066
CN=C1OCC1C(C)C,7.376359462738037
COC(C)(C#N)C#CC,7.707039833068848
CC1C2CCC2NC1=O,7.175023555755615
COc1c(cco1)N,5.906314849853516
C1C2OC2C2=C1NC=N2,6.375731468200684
CC1OC11C2C3CC1C23,9.161589622497559
CN(CC#N)C1COC1,7.098432540893555
NC12CC(OC1)C2C#N,7.25300407409668
CC12CC(C1)C=C2CO,6.515627384185791
CN=C(NCC#N)OC,7.0886945724487305
COC1C(O)CC11CC1,8.206544876098633
CC12CN1C1CC2(C)C1,8.07437801361084
O=CC1C2C3N=CN1C23,5.603613376617432
OC12C3CN(C13)C21CC1,7.98331880569458
CC1CC11CC2CN2C1,8.342196464538574
CC1(CC1)N(C=N)C=O,6.088212490081787
OC12C3CC1OC23C=O,5.846258640289307
CC1C=CCCC1(C)C,7.184447288513184
C1C2C3COC1CN23,8.43315601348877
CCC1OC1C1CC1O,8.817855834960938
CC(CO)(CO)C1CC1,8.782240867614746
CC(O)COC(=N)C#C,6.956690788269043
CCC1OC1(C=O)C#N,5.752243518829346
CC1(O)CC2(O)CC12,8.471585273742676
OCC1(CN1)C(=O)C#N,5.405387878417969
COC(C)(C#N)C(N)=N,7.131432056427002
CN1CCc2c1[nH]cc2,5.801296710968018
CC(CC(C)=NO)C#C,6.761911392211914
CC1CC2CC2C(C)=C1,6.727749824523926
COC1CC11CC2CC12,8.630228996276855
CCCCC1=CCCC1,6.96350622177124
c1c(c(c([nH]1)O)N)CO,6.079772472381592
COC(=O)C(C)C#N,7.175633430480957
OC1C2OC3C(O)C1C23,7.786619186401367
CC(C)(C)C1(CCC1)O,8.588600158691406
O=C1CC2CC3OCC123,6.196540832519531
O=C1CC2(O1)C1CC2O1,6.92567253112793
CC12CCC1COC2=N,7.438156604766846
CC(O)C12COCC1O2,8.480934143066406
CC12CC(C1)(CC2)C=O,6.0811638832092285
C1C2C1N1CC3OC2C13,8.01988697052002
CC(C1CN1)C(C)=O,6.015848636627197
CCc1cocnc1=O,5.133686542510986
CC1(CO)CCC=C1,7.105401039123535
O=CC12NC1CC21CO1,5.803703784942627
COC(CO)C#CC=O,5.46709680557251
O=C1OC2CC1CC=C2,6.227173805236816
CC1C2OC1(C=O)C2C,5.819451332092285
OCC12CCC1(CO)N2,8.224774360656738
O=CCC1OC1C1CN1,5.957903861999512
Cc1c(c(no1)N)C=O,4.851896286010742
CCC(O)COCC#N,8.014458656311035
CC12CC3C1C2(O)C3=O,6.241244792938232
CC1(C)NCC(O)C1=O,5.846540451049805
CCC(=N)NC(=O)C=O,4.766903400421143
C1CC11C2C3CC1CC23,9.269165992736816
CC1(C#C)C2OC(=N)C12,6.786060333251953
CC1CC=CC(C1)C#C,7.007054805755615
CCCC12CC=CC1O2,6.917900085449219
CN1CC11CC(C)(O)C1,8.206464767456055
CCC(CO)N(C)C=O,7.200003147125244
CCc1c(ocn1)N,6.0127949714660645
Cc1c[nH]nc1C2CC2,7.037650108337402
N=COCC1COC1=N,6.767960548400879
CC1OCC23CC(O2)C13,8.270176887512207
CCc1ccoc1CO,6.225274085998535
CN=C1ON=CC(N)=N1,4.44854736328125
C1NC11C2C3N2CC=C13,4.243930339813232
COC(=O)C1CC(C)C1,7.348566055297852
CC(O)C1=CC=C(N)O1,5.8847761154174805
C1CN1c2c(nn[nH]2)O,5.974269866943359
COCCc1ccno1,6.433514595031738
OC1(C#N)C2NC1C2=O,6.109079837799072
CC1(CC([O-])=O)C[NH2+]1,6.96295166015625
COCCC1CC1C#N,8.330183982849121
ON=C1C=CC2CC12,5.653103828430176
O=C1NC2CC2C2CN12,6.979918956756592
O=CC1=CC2C3CN2C13,4.7096266746521
Cc1ccn(c1)C=O,5.163431167602539
CC1COC(CO1)C#C,7.560276508331299
Cc1c(nc([nH]1)OC)C,6.167046546936035
CC#CC(C)(O)C=O,5.917643070220947
CCC(=O)C12CN1CC2,5.4559736251831055
CCC1C2CC2C1CO,8.69155216217041
CC1C2COC(O2)C1O,8.5082426071167
CC1CC2(C)CC1C2O,8.818563461303711
OC12CC3C4CN(C14)C23,7.862963676452637
c1c(cnc(n1)C=O)N,4.189537525177002
c1cnoc1CC2CC2,6.384899616241455
OCC12C3CC1(O)CC23,8.29195785522461
Cc1c(nn(n1)C)C#C,5.4981369972229
COC12CN3C1CC23C,8.295897483825684
N=C1OCC=C1CC=O,5.256523609161377
CC1CC2C1=CCC2=O,5.709980010986328
CC(C)(C#N)C(=O)C=O,4.333915710449219
CC12CC(O)(C1)CC2=O,6.269327640533447
C1C2C3C4C5C(C2N15)N34,7.665237903594971
CC12COC1C=CC2O,6.670948028564453
OC1=CNC=C1OC=N,5.817874431610107
Cc1coc2c1CC=C2,5.149160861968994
OC1=C(OC=N1)C1CO1,6.084666728973389
CCCC1NC1CC#N,7.8109307289123535
NC1=NC2C(O)C2CO1,6.633782863616943
CC[NH+](C)CCC([O-])=O,7.067616939544678
CC1OC1C(=O)N1CC1,6.958103656768799
CC1OC1C1CCCC1,9.224248886108398
CC12CC(=O)C1C2CO,6.191836833953857
CC12CC1(COC2)C#N,7.387131690979004
CC1OCOC1C(N)=O,7.208563804626465
CCC1=NCC(C)O1,7.440286159515381
CCC1NCC(=O)C=C1,5.142767429351807
CC1C2CN2C1CC=O,6.104862689971924
OCCCC12CC1CO2,8.47128963470459
C#Cc1cc([nH]c1O)N,5.611752033233643
OC12CCOC1C2C=O,5.746031284332275
O=C1CC2(N1)C1CC2C1,6.700383186340332
CC1CC1N1C=CN=C1,6.523440361022949
CC1(C)C2COC1C2O,8.367769241333008
OC1CC23CC(C2)CC13,8.665037155151367
CC(C)C12CC(O)(C1)C2,8.869603157043457
COC1COC1(C)C=O,5.759646892547607
CC1=CC2NC2(C1)C#N,6.266162872314453
CC1C(O)C=CC2CN12,6.172301292419434
CC(C)(C#CC=O)O,5.661164283752441
CC(=O)C1(CC1)OC,6.005692958831787
C1C2CC1N=COCO2,7.0141119956970215
CC1C(C)C1(C)CC#C,7.930130481719971
COCC1CC2C(C)N12,8.187758445739746
O=CC12CC(CO1)CO2,5.97812032699585
O=CC12CC1C(=O)NC2,5.835552215576172
O=C1CC(N=CN1)C#C,5.948507785797119
CC12CC(CO1)C=CC2,6.8198699951171875
O=COC1C2CC(=O)C12,6.167949199676514
CC#CC(O)CN1CC1,7.408227443695068
CC1OCC11CC2OC12,8.655932426452637
O=C1C2CC1(CC#N)O2,6.58018684387207
CC1(C)CC2C(C=O)N12,5.613386631011963
CC1C2N3CC2(CO)C13,8.024901390075684
CC(CC#C)C(=O)C=O,4.281499862670898
CCCOC(C=O)C#C,6.081435203552246
C1C2CC3CCC3=CC12,5.697657585144043
COC1C(O)CC11CN1,8.068263053894043
OC12CCC(OC1)C=C2,6.76911735534668
CC1CC=CC(=O)N1,5.785857200622559
CC1OC1C(=O)CC=O,5.598514556884766
CCC1COCC11CO1,8.71324348449707
CC1=C(C)C(CO)CC1,6.69777250289917
C#CCC#CC1COC1,7.482329845428467
CCN1CC(C=O)C1=O,5.420093059539795
OC12CC=C3CCC1C23,5.410927772521973
CC1CC2OC2C1O,8.92193603515625
O=C1CCOC2CC12,5.8897385597229
CC1OCC2OC3C2C13,8.346877098083496
C#CCc1c(onn1)N,5.85287618637085
CCCC(OC)C#C,8.010284423828125
CCN=c1[nH]cc(o1)N,5.689357757568359
CC1=CC(=O)OC2CC12,5.888404846191406
CC1=CC2(CC1N2)C=O,5.278512477874756
[NH3+]CC1=C([O-])C(O)=CO1,5.0268473625183105
CC(O)CCNCC#N,7.411300182342529
CCN=COCCC#N,7.514323711395264
O=C1C2CCC1OCC2,5.8825602531433105
CC(=O)C1(C)CCC1O,6.117664337158203
C1CC23OC=NC2C3O1,6.815803527832031
O=C1CC(CCC#C)O1,7.359579563140869
OCC12C3C1N1C3CC21,8.083585739135742
C1OC2OCC1C=C2,6.845109939575195
CC12CC3C(N13)C2=O,6.39619779586792
O=CC1OC2CC1C=C2,5.688138961791992
CC1C(O)C=CC11CC1,6.725292682647705
CC12CCC3CC1(O)C23,8.407132148742676
O=CC1CC=CC2NC12,5.866875171661377
CCC1OCC1(C)OC,8.49573040008545
OC1=C2CCN2C(=N)O1,6.0053277015686035
CNc1cccc(c1)N,5.375205993652344
CN1C2C(O)C1C2C=O,5.557157039642334
C1C2COC3CC2C13,8.858475685119629
CN1CC(NC=O)C1=O,6.003227233886719
CC(C)C(C)(CO)C#N,8.635552406311035
CC1COC(=O)C=C1,6.094423294067383
OCC12C3C4NC1C4N23,8.037678718566895
CCC1CCC(=O)C1,6.091510772705078
CNc1cc(c[nH]1)C#N,5.6746296882629395
COC12CC1NC2C#C,7.048201560974121
CN1C2CC(CCO)C12,7.987123012542725
C1CN1C1=NCC2NC12,5.906219005584717
NC=[NH+]CC(=N[O-])C#N,4.155224323272705
CC12CC(C1)CC2(C)O,8.716277122497559
OC1C2CC1N=COC2,7.014649391174316
CC#CC(=O)N(C)C=O,5.846061706542969
C#CC12CCCC1CO2,7.568563461303711
c1c[nH]c2c1NCCN2,5.857025623321533
Cc1c(c(co1)N)C#N,5.543835639953613
OC12C3C1C1CC2CC31,8.678573608398438
CC1C2C3C4OC4C2N13,8.212355613708496
CCC(C)(CC#C)OC,8.155959129333496
Cc1ccnn1C(C)C,6.83417272567749
CC(OC=N)(C=O)C=O,5.869053840637207
CC1OC2C(C)OC12,8.498809814453125
CC(C=O)C(C#C)C#C,5.957808971405029
CCc1ccc(o1)C#C,5.507069110870361
CC1C2CC3CC2C13O,8.583029747009277
CC(O)(C#N)C(N)C#N,7.585239410400391
O=C(OCC1CN1)C#N,5.927257537841797
CC1CC2(C)OC2(C)C1,8.552431106567383
C1CCC(=NO)C=CC1,5.904139995574951
COc1ncc(=O)[nH]n1,4.930938243865967
Cn1c2c(cn1)CCN2,6.256535530090332
CC1(CO)CCC1=NO,6.758620262145996
CC(C)(C)OC(=O)CN,7.139833927154541
OC12C3NC3C1NC2=O,6.536217212677002
N#CC1C2NCC3C2N13,7.303958415985107
O=C1OC23CC12CC=C3,5.97139310836792
CCC12CCC1OC2=O,7.159265518188477
CC1COC(C)C11CO1,8.687745094299316
CC(C)C(C#N)C(C)=O,6.326961994171143
CC1C2N=CN3C2C13C,6.444292068481445
C(CCO)CNCC#N,7.368079662322998
CC1NCC1(C#C)C#N,6.7950439453125
O=C(C#N)C1COC=N1,5.604467391967773
[O-]C(=O)CC1=[NH+]CCN1,5.606118679046631
O1C2C3C=CC4C1C2C34,5.6620988845825195
CN1CCCCNC1=O,7.601248741149902
CC(O)C1COC=N1,7.3824663162231445
OC1CC1C12CC(C1)C2,8.797508239746094
CC(=NO)C(C=O)C#C,5.480113506317139
CCC1(CC1)C(=O)NC,7.380463600158691
OC1C2CC3N2C13C#N,7.238968849182129
C1C2CN=C3OCOC123,6.714291095733643
[O-]C(=O)C1CC2(C[NH2+]2)C1,6.633344650268555
OC(C#C)C(=N)N1CC1,6.758559703826904
CCC1(NCC1=O)C#N,5.683278560638428
CC1C(C=O)C1(C)C#C,5.963031768798828
OC1CC(CC1O)C#N,8.032780647277832
CC12C3C1C1C3C3C2N13,7.998046875
C1CC23CC4OC2C4C13,7.856883525848389
COC1C2CC(=O)C1N2,5.757723331451416
OCC12C3NC1COC23,7.6373419761657715
C(C1OC2CC12)N1CC1,8.406914710998535
CC(=O)OC1(C)CC1O,7.453470706939697
c1c[nH]c2c1c(n[nH]2)O,5.697878360748291
CC1C=CCOC1=N,6.751234531402588
OCCN1C2CC2C1=O,6.865731239318848
C1COC(O1)C2COC2,8.68426513671875
CC1(CC1)c2cnn[nH]2,6.463942050933838
COC(=O)C1(CC1)C#C,7.030694961547852
CC1(C)OC2CCC1C2,8.65234375
CC1OC(C)C2(C)NC12,8.455628395080566
CC12CCC1(CO)CC2,8.750099182128906
C1C2C3CN=COC2C13,6.556766986846924
COCC12CN(C1)C2C,8.288904190063477
CC(=O)C1(COC1)NC,5.916263580322266
CCC1(CC)NC1C#N,7.4623918533325195
CC12CCC1NC2C#N,7.250233173370361
OCCC1CC2CN12,8.301013946533203
OC12C=CCC11CC2C1,6.863043308258057
C1CC1CC(=O)CC#N,6.205473899841309
CC(O)C1OCC11CO1,8.418798446655273
COCC#CC(O)C=O,5.7568359375
CC1CC23CC12N=CO3,6.610931396484375
CC(=O)CC(=O)C(=N)N,4.920923233032227
CCC1C=CC2C(C)C12,6.843938827514648
CC12CC1COC=NC2,7.047661304473877
CC1CC(C#C)N2CC12,7.571929454803467
O=CC1=CNC2CCC12,5.011752128601074
CC1(CO)CCC11CC1,8.784879684448242
CC1CC=CC(O)C1,7.071512699127197
OC12C3NC1CC(=O)C23,5.8595967292785645
NC1(CC1O)C#CC#N,6.019728183746338
CCC(C)(O)C(N)C#N,7.992309093475342
c1c(c(c([nH]1)N)CO)O,5.988636016845703
CCCc1cnoc1N,6.088654041290283
COC1CCNC1C#N,7.116276741027832
CC1OC=NCC1C=O,6.124873638153076
c1c(cnc(c1N)O)N,5.055881500244141
CCC12NC1CC2C=O,5.841331958770752
C1C2CC34COC23C1C4,8.142293930053711
O=CCOC12CC1OC2,5.784074783325195
OC1C=CC2(O)COC12,6.511735439300537
COC1C2CC(C2)C1O,8.666217803955078
O=COCC1COC=N1,6.4612016677856445
CCc1c(con1)N,6.023950576782227
C(C1CO1)C1=NNC=C1,7.283817291259766
CCc1c(cno1)CO,6.303964614868164
NC1=CC(=N)N=C(O)O1,5.776016712188721
C#CC1OC2C3OC3C12,6.953179836273193
CN1CC1COC(N)=O,7.6235737800598145
Cc1c(c[nH]c1CO)N,6.167320251464844
O=C1NCCC11CCO1,7.020350456237793
COC1CC2(C)CC1O2,8.690062522888184
CC12CN1CC(C2)C#N,7.431498050689697
CC1(CO)CCNC1=O,7.29400110244751
NC(C#N)C1CC1CO,7.651264190673828
CC1(CCCOC=N1)C,7.426431655883789
CC(=N)N(C)C(=O)C=O,4.733619689941406
CC1(O)CC11CC2CN12,8.058472633361816
NC(=O)N1C=CCC1=N,5.718717098236084
COC1C([NH3+])C1C([O-])=O,6.3242506980896
C1NC1C1=NCCO1,7.037320137023926
OCCC(C#C)C1CN1,7.746634006500244
OC1C2CCOC1CO2,8.394505500793457
CNc1cc(co1)OC,5.908784866333008
CCn1c(ccn1)O,6.776974201202393
CC1=CCC(=O)N1C=N,5.6590166091918945
C(C1CO1)C1CC=CC1,7.312467575073242
CC1(CC1)COC2CC2,8.738088607788086
C1CC1(C=O)C2(CC2)O,5.8825364112854
OC1CCCC2(CC2)C1,8.854731559753418
C1C(CN1C=O)NC=O,6.141540050506592
C1CC11N=C2NC3C2C13,4.9275898933410645
CCC1CC=CC(O)C1,7.099183559417725
CC1(OCC1O)C1CO1,8.695680618286133
CC1=NC(OC=N)=CO1,6.242498874664307
C1CC11COCC2OC12,8.884666442871094
C1CC23COCC2(C1)N3,8.280115127563477
OCC(=O)N1CC1C=O,5.873823642730713
CCOC(C)CCC=O,6.271775245666504
COCC1OC2(C)CC12,8.539655685424805
CC1=CC2NC2COC1,6.5649943351745605
c1cocc1OCCO,6.422202110290527
CC12OC3CC1C2C3,8.602102279663086
C1C=CC2(O1)CC(=O)C2,5.60307502746582
CCCN(C=O)C=O,5.8409342765808105
OCC1(C=O)C2CC1O2,5.7561354637146
COC1C2COCC1N2,8.090946197509766
OC1CC(=O)CC2CC12,6.091950416564941
O=CC12CC3C(C1)C3C2,5.984076023101807
O=C1C2C=CC1C21CC1,5.798862934112549
CC12CC3CC1C1C2N31,8.049759864807129
O=CC1CC2OC1C2=O,5.815279483795166
C#CCNc1ccon1,5.9903459548950195
OCC(CC=O)C1CN1,6.057186126708984
CN1C=NC(C#C)C1=O,5.7916693687438965
CC#CC12CC1C(=O)N2,6.7147698402404785
CC12CC3C(OC1)C23,8.624786376953125
OC1CCC(=C1)C1CO1,6.771235942840576
CCC1C2CC=CC1O2,6.777544021606445
OCC1(CC1O)NC=O,7.367664813995361
CC12CC3N1C3(CO)C2,8.275168418884277
OC(CC#C)(C=O)C#N,5.886726379394531
OC12CC34CC=C(C13)C24,4.709645748138428
CN=c1ccnc(o1)N,4.836953163146973
CCC12CC1C(O2)C#C,7.43027925491333
C1C=Cc2c(nno2)N1,5.063404560089111
O=C1CC2NC3C2OC13,5.605834484100342
C(C#CC=O)OC(=O)N,6.03674840927124
CC(=O)OCC#CC#N,7.192548751831055
CC1C2OC(=N)C1C2C,7.561813831329346
NC1C2OC1(C=C2)C#N,6.394591331481934
CCOC(=N)C(O)C#N,6.890085220336914
CCC1CC2(C)CCC12,9.161660194396973
CC1CC2(C1)CC(=O)O2,7.277801036834717
OC1C2COC(C2)C1=O,5.572089672088623
CCC12CN1CC21CO1,8.478043556213379
C1OC1C12CC1COC2,8.514838218688965
C1C(CO1)C2COC2,8.63144302368164
N#CC1C2NC1C1CC21,6.86634635925293
OC12C=CCC3CC1C23,6.692535400390625
CC1CCCC=CCO1,7.105804443359375
O=C1C2OC3C=CN1C23,5.336658477783203
CC1CC2OC2(C)C1,8.885712623596191
CCOCC1(COC1)O,8.526896476745605
CCc1c(n[nH]n1)CO,6.710824012756348
CC(C)CC1C2CCC12,9.217164039611816
CC(=O)N(C)C(=O)C,5.836449146270752
CNC(=O)C12CC1OC2,7.134074687957764
COC(=O)CC1(CC1)O,7.188760280609131
O=C1CCCN2CC12,5.48532772064209
CCC1CC(C#C)C1C,8.327920913696289
CC12CC3CN1C3C2O,8.241939544677734
CC(C)C(=O)C1(CC1)C,6.168740749359131
CCC1=CCC(CO)C1,7.099178791046143
CN=C1OC(C)C11CC1,7.287529468536377
CC1(C)CN2CC1(O)C2,8.024845123291016
CC(=NO)c1cnc[nH]1,5.144041538238525
CC1OC2C3CCC2C13,8.838929176330566
CC1OC2CCC1C2=O,6.304656505584717
C1CNc2c1onc2O,5.79565954208374
C#CCc1cc(n[nH]1)N,6.30874490737915
C#CCC1COCCO1,8.04845142364502
N=C1CC2NC2CCO1,7.389162540435791
O=COC12CC1CC=C2,6.652667045593262
C1CN=COCCC#C1,7.137803077697754
CC12C3N1C1CC3=CC21,3.608739137649536
OC1CCC=C(C1)C#C,6.233951568603516
CC(=N)OC1=NON=C1,6.3121771812438965
O=C1CCC2(CN2)C1,6.282937049865723
CC1OCC2C(C#N)C12,7.781426429748535
OC12CC1C(=O)COC2,5.81541109085083
O=CC12CN(C1)CC=C2,5.765429973602295
CCC(CC=O)C#CC,6.014611721038818
CC1=C(C=O)C(=N)OC1,5.139440536499023
COCCC1OCC=C1,6.928477764129639
c1c[nH]cc1NC2CC2,6.337794303894043
OC1C2C3NC3C(O)C12,7.719297409057617
CC1OC2CN3C1C23C,7.860589027404785
CC([NH3+])C1=CN=C([O-])O1,4.700749397277832
CC1CCNC(=N)C1=O,5.0376715660095215
CCC1C(=O)OC1(C)C,7.43931770324707
CCc1cc(co1)C=O,5.000072002410889
O=C1CC2(CO2)C2NC12,5.9864959716796875
CC1(O)C2CC3CC1C23,8.462600708007812
CC1C2OC(=N)C(=O)C12,5.363561153411865
Cc1conc(c1=O)O,4.945516586303711
CC12CC1(CO)N1CC21,7.720512390136719
CCOC1(C)CN=CO1,7.444733619689941
CC12CN1CC2(C)C#N,7.096663475036621
CCCOCC(=N)OC,7.6415557861328125
c1coc(n1)CCO,6.504579067230225
CCC(N1CC1)C(N)=O,7.558711051940918
NC(=O)C(CO)CC#C,7.2139387130737305
COC1C2CC(O)CC12,8.490029335021973
CC12CCC(C=C1)C2=O,6.401969909667969
CC1COC(=O)C(=N)O1,5.729078769683838
OCCC12C3CC1CN23,8.204543113708496
CC(C)(C)n1cccn1,6.9333367347717285
CC1OC1(C)C(C)=NO,6.789299488067627
OC1CC2COC1C2O,8.342936515808105
O=CCCC1CN=CO1,6.02774715423584
CN1C2C(C1=O)C2(C)O,6.5467634201049805
C1N=CN2C3C4NC3C124,4.658266544342041
COC1C2CC2C=C1C,6.579983711242676
CC#CC1C(O)C1O,7.231015205383301
OC1CC=C(C1)C1CC1,6.810895919799805
COC1CC1C(C)C#N,7.930463790893555
CC1COC11COC1=N,7.534006595611572
CCC12OC3C(C13)C2O,8.170397758483887
CC1CC2CC(O2)C1=O,5.791731357574463
O=CCCC1CC2CC12,6.061524868011475
CC(O)C(O)C(N)C#N,7.642984390258789
CC(CO)(C#C)C1CO1,8.18497085571289
CCC1OC2CC(=O)C12,5.999754905700684
OCC1C(OC1=O)C#C,7.097530364990234
O=CC1=NC2CC(C2)N1,4.91148567199707
OCCC1C2CC1O2,8.582680702209473
NC(=O)N1CC1C1CN1,7.591477394104004
OCC1(O)C2CC1C2=O,6.279115676879883
OC1C2CC1C(O2)C=O,5.85195779800415
Cc1c(ccn1C)C#N,5.868416786193848
COC1CN2CC2C1C,8.1828031539917
OC1C2CC1C1CC2O1,8.774303436279297
OCC(O)C1=NNC=C1,6.877190113067627
CC1C(O)C(O)C1C#C,7.624117851257324
CC1C2CC3(CCO3)C12,8.815536499023438
CC1C2N=COC12C=O,5.973964691162109
CC12CC(O)C1OC2=O,7.044084072113037
CC(=O)NC(=N)C1CN1,6.039211750030518
CCc1[nH]cc(n1)OC,6.4690728187561035
CN1C(C#N)C(N)C1=O,6.652258396148682
N#CC1CCC1C1CC1,8.421809196472168
CCC(NC=O)C1CC1,7.6679606437683105
N=COC1=CNC(=O)N1,6.2227702140808105
CC(C)OC1CC1C#C,7.854141712188721
OC1C2CC1(O)C1OC21,8.33415412902832
CCC1(CC#N)CO1,8.388816833496094
CCOC1(CC1C)C#C,7.731867790222168
O=CCC1CC2CC2O1,6.116955757141113
CCCC1CC(O1)C=O,5.917147636413574
COCc1c[nH]cc1N,6.281187057495117
CC1=C(C(=O)NC1)C#N,5.1813483238220215
CC1COC2(C)CC2C1,8.650176048278809
CC1CC2(O)COC12C,8.233181953430176
CC1([NH3+])CC1C([O-])=O,7.037708759307861
CCC(=O)OC=NCC,6.779315948486328
COC1(CN2CC12)C#C,7.09977388381958
CC1C2C3C(O)C2(C)C13,8.531591415405273
CC(=O)CC1CC1C#C,6.216554164886475
O=C1CC2NC1CC2=O,4.8857808113098145
C1C2OC=NC3COC123,7.010676383972168
Cc1coc2c1OCC2,6.050118923187256
COC1(CC=CC1)C#N,6.974615573883057
CC1CC11CCC1(C)C,9.14182186126709
Cc1cc([nH]c1C#N)N,5.4344482421875
CCC1(C)COC1=O,7.478720664978027
CC12CC3OCC1C23C,8.514837265014648
CC(C)CCC(O)C=O,6.304930686950684
CC1OCC(N)=C1C=O,5.058938503265381
CC1(CC#N)C2CC1O2,8.029192924499512
N=C1NC=NC1C1CO1,6.523759841918945
CC1=CC2C(C1)C2(C)C,6.360284805297852
Cn1cc(cn1)CCO,6.84238338470459
OC12CCC3C1C=CC23,6.651517391204834
OCC1CC1(CO)C=O,5.915534973144531
C1OC2C1C1COCC21,8.546235084533691
CCN1CCNCC1=O,6.384392261505127
OC1C2CC1N2CC#N,7.21455192565918
OC(C#N)C1=CC=NO1,6.568665981292725
OC1C(CC#N)C1C=O,6.130076885223389
COC=NC1(C)CC1C,7.2508225440979
COC12CC1CC2CO,8.500311851501465
CC(CC1NC1C)C#N,7.838135719299316
CCC(C=O)C1CO1,6.109820365905762
CCCCCC(C)C=O,6.1795477867126465
CC1C2C3N1C(=N)C23O,6.518427848815918
C1OC2CC1CCC=C2,6.840842247009277
Cc1cc(nc(=O)o1)O,5.104300022125244
COC1CC2OC1C2C,8.608709335327148
OC(C#C)C1COCO1,7.614884853363037
C1CC1C(=NO)CCO,6.742375373840332
C(CN=C(C#N)N)C=O,4.815037727355957
CCC12CC(O1)C(O)C2,8.60688304901123
CC(N1CC1)C(=O)C#N,5.2276506423950195
COCC1CC2(O)CC12,8.619908332824707
CC12CC3C4CC3N1C24,8.285417556762695
O=C1CCC11COCO1,5.940117835998535
CCC1=C(C)COC1=N,6.083903789520264
CCCC1(CN1)C=O,6.113011360168457
O=CC1C2OC2C11CN1,5.673574447631836
CC#CC1C(C)C1(C)C,7.640859603881836
OC1C2CC11OC(=N)C21,7.149271011352539
OC1C=CCCC1C=O,6.137479782104492
C1OC2COCC22NC12,8.264266967773438
C#CC12CN1CC21CC1,7.104676723480225
OC1CC11CCOC=N1,7.026126384735107
CC1CC2C3CCC3C12,8.63736629486084
COC=Nc1c[nH]cn1,5.44543981552124
CN1CC1C1CN1C=O,6.649988651275635
CNc1cc(on1)C#C,4.900643348693848
OCC1NC2C1OC2=N,7.218479633331299
C1OC23COC12C1NC31,7.86161994934082
CCC(O)C(O)C1CO1,8.738018989562988
c1c[nH]nc1CCC=O,5.781869888305664
C1OC11CCCN2CC12,7.863675117492676
CC1CC2CN2C(=O)C1,6.16575813293457
CC1OC(C)C1C#C,7.5186004638671875
OC1CC11OCC1C=O,5.663696765899658
OC(C#N)C12CC(C1)C2,7.934004306793213
CC(=O)C(CO)CC=O,5.75823450088501
OC1CC2(C1)OC1CC21,8.540231704711914
CC1(CO)C(O)C2CN12,7.866430759429932
Cc1cc(on1)CCO,6.6198601722717285
COC1C=C(C)C2NC12,6.4475417137146
OC(C#N)C1C2CC1O2,7.459453582763672
CCC1(CO1)C(=O)C=O,4.1602067947387695
CNC(=O)C1CN1C=O,6.227985858917236
O=CCC12COC1CO2,5.879898548126221
O=CC(=O)C12CC(C1)C2,4.479101181030273
CC1C2C=CCC(C)C12,6.842334747314453
CC1CC(O1)C(=O)C#C,5.1798930168151855
CC1=CCN(C(=O)C1)C,6.164700031280518
CC#CC1=CCC(O)C1,5.696656227111816
CC1OC(=N)NC1C#C,7.213635444641113
CCC1(CC(C)C1)C#C,8.28846549987793
CC12CC(OC=N1)C2=O,6.407977104187012
CC(=O)C12CC3C1CC23,6.222203731536865
CC(O)C1=C(N)N=CN1,5.7550435066223145
CN=C1ON=CC(C)=N1,4.47540807723999
CC1OC2(CC2O)C1=O,5.951585292816162
CC12OC(=O)C1C2C#C,7.052351951599121
CCC1(C)OCC1OC,8.63764476776123
C1C2CCC3CCC3C12,8.679313659667969
CC1C=CC(C)(C)C1C,7.241285800933838
Cc1c(n(c(n1)O)C)O,6.610823154449463
O=C1C2CC3CC1OC23,5.937061309814453
O=C1NC2CCC3C2N13,7.596182346343994
OC1C=CCC2OC12,7.088460922241211
CCC(C)C1CC1C=O,6.221199989318848
OCC(C=O)N1CCC1,5.825230598449707
C1C2CCOC1C=C2,6.654509544372559
CC1OC2C3NC3C2=C1,6.3106231689453125
CC12C3C1C1(C)CC3N21,7.782319068908691
CC1OC2(CO)C(O)C12,7.909581661224365
CC12CN3CC(CC13)O2,7.90488862991333
CCC1(CCC1=O)C=O,5.359207630157471
CC(=O)C#CC1CCC1,5.3849263191223145
CC1(C)C2CCC=CC12,6.724970817565918
CC1(C(N)C1[NH3+])C([O-])=O,7.2609453201293945
CC(=O)OCC(=O)C#N,5.716267108917236
Cc1c(cnnc1N)O,5.047571182250977
OC(CCC#C)CC=O,6.145985126495361
CC1CC1C1CC(=O)C1,6.108089923858643
N=CN1C=CCCC1=O,5.452717304229736
CNC(=O)C1(COC1)N,7.184823513031006
CC1OC2COC2C=C1,6.65572452545166
CC(=NO)C(O)C1CC1,6.663435459136963
Cc1c(nco1)OC,6.062589168548584
CC1C2OC2C11COC1,8.682393074035645
C1C2CC3CC2C1OC3,8.77818775177002
CC12CC3N1C2C31CO1,8.593499183654785
C1C(CO1)C2(COC2)O,8.391520500183105
CC1=CC2C(O)C2(C)C1,6.474193572998047
OC(CC=O)CC1CC1,6.174066066741943
C1CN(C=C1)C(=O)C#N,5.681281566619873
CC12CC1COC(=O)N2,7.965710163116455
OC12CN(C1)C21CCC1,8.201951026916504
CC1C2CC(C)(C#N)C12,8.384563446044922
CC1CN2CC3(O)C1C23,7.871126651763916
CCC1CCC(O1)C#C,7.824851989746094
N=C1OCC2CC2C1=O,5.4769487380981445
OCC1(CO1)C(O)C#C,7.7347917556762695
OC1CC1COCC=O,5.995295524597168
CN1C(CC11CC1)C#N,6.883065223693848
CCCC1=CC(C)CC1,7.050285816192627
OC1CC=C(C1)C#N,6.451749324798584
c1c2n(cn1)CCC2=O,5.298810005187988
CC12CC3C4CC(C14)C23,9.050748825073242
N#CC1CC2N=COC12,7.091452598571777
CC1CC2(O)C(C)OC12,8.486573219299316
c1c2c([nH]n1)C(=O)NC2,5.84978723526001
CC1CNC(=O)C(O)C1,7.410140037536621
CCC12C3C4C3C1(C)C24,8.489073753356934
CC1(C)OC11COC1=N,7.5540452003479
OC1CCC(=O)C1C#N,6.038426876068115
CC12CC(C1)C1(CC1)C2,9.437451362609863
N=C1CC2(CN2)C(=O)O1,6.599031448364258
CC#CC1CCC2NC12,7.778162956237793
CC(C)C(C)C1OC1C,9.105260848999023
CN1C(=N)OC=NC1=O,5.987884044647217
CC12NC(=N)OC1C2O,7.2324724197387695
CC1(CO)CCC(=O)O1,7.561186790466309
CC1=CC(=O)CN2CC12,4.9055023193359375
Cc1ccoc(=NC)c1,4.9884867668151855
CC1COC(CO)=N1,7.123255729675293
CC1OC(C)C1OC=O,7.338271617889404
OC1CC2CC12N1CC1,8.173855781555176
O=CCC1=CC2CN2C1,5.337924003601074
CCCC1C2C3OC3C12,8.470645904541016
OCC1CC2(O)CC1C2,8.6021146774292
CCC1(CCC1)C(=O)C,6.207394123077393
CCN=C1OCC1C,7.384669780731201
O=CCN1C2C3CC3C12,5.600089073181152
CC12CCC1CNC2=O,7.161142349243164
Cn1cnc2c1OCC2,6.35982084274292
ON=C1CCCC2CC12,6.803724765777588
N=COC1=NC=NC=C1,5.871649265289307
CNc1cc(no1)CO,5.890564441680908
CCC1=CC=NOC1=N,4.8352837562561035
OC1CC2(COC2)C=C1,6.607946395874023
CC12C3C4CN(C14)C23C,7.838588714599609
CC1CNC2=CON=C12,6.1678385734558105
CC1C2C(C3CN23)C1=O,5.645183563232422
N#CC12NCC3C1CC23,7.123768329620361
CC12NC(C1C=O)C2=O,5.679222106933594
OC1CC2COC=NC12,6.94954776763916
C1NC1C1COCO1,8.79811954498291
CC(C)n1c(=O)[nH]cn1,6.440707683563232
O=C1CCC(O1)C1CC1,7.282322883605957
N=C1OC2C3CN3C2=C1,5.968376636505127
COCC1(C)NC1C=O,6.000413417816162
COc1coc(n1)C#C,5.172353744506836
N#CC1CCCN=CO1,6.992641448974609
OCC#CC1C2CCC12,7.436885833740234
OCC1CC=C(C1)C#N,6.306296348571777
CC1OC1C(O)C#N,7.6311516761779785
CCc1cc(co1)N,5.923227310180664
CCC1C2N(C)C1C2=O,6.677480697631836
COCCCOCC=O,6.183685302734375
CC(=O)CC1NC1CO,6.2622761726379395
COC1(C)C2NC2C1=O,5.778110504150391
NC(=O)CC1COC1=O,6.410749912261963
C1CC(O1)C1=NNC=C1,6.973912715911865
CC12CC(C)(O)C1O2,8.568345069885254
CCC1OC=NC1C=O,5.940138816833496
OCC(O)C1(CN1)C#C,7.4968390464782715
C1C2C3C4OCC3N1C24,8.037997245788574
COC1CC(C1)C1CO1,8.928936958312988
OCC12COC1C2C#N,7.17213773727417
COC1(CC1)C1CC1C,8.8291015625
CC1(CC#C)COC1=N,7.6515960693359375
CCC1C=CC=CC=C1,4.76168155670166
COc1c([nH]nn1)C#C,5.190921783447266
CN1CCOCOC1=O,7.649460315704346
CC1C([NH3+])C1CC([O-])=O,7.26901388168335
O=C1COC(CC#C)C1,6.318027496337891
c1c(ocnc1=O)CO,5.261262893676758
C1OC1C1=NCCCO1,7.202976226806641
CCC(C)(C)CC(=O)C,6.1400556564331055
c1c(c[nH]c1CC=O)N,4.897335052490234
O=CCCC1COCO1,6.164607524871826
c1c(nno1)CCCO,6.076544761657715
CCC12CC(C1)C2C#N,8.747044563293457
CCn1cncc1C#N,6.458603858947754
O=C1CCCC2CC2C1,6.104219913482666
C(CC(C=O)C=O)CO,5.664020538330078
CC1(CN(CC1=O)C)C,5.950610160827637
Cn1cnc2c1ocn2,5.813323497772217
CCN=C(CO)NC=O,5.8847527503967285
C1C(=O)CC1(C=O)C=O,4.908454895019531
CC12CC3C(C13)C(=N)O2,7.328091621398926
CC1(CN2CC12)OC=N,7.244137763977051
O=CC12NCC1CC2=O,5.21915340423584
C1CC(=O)C2(C1=O)CN2,5.1435465812683105
CCc1cc2n(n1)CC2,6.9890336990356445
CCC1NC1C(C)=NO,6.808784484863281
C1CC1C1CC2CCC12,9.077341079711914
CCC1=CCC(=O)C1,5.918426036834717
CC1C2C3C4C2C1(C)N34,8.370284080505371
OCC1CC(C#C)C1=O,5.8357415199279785
CCC1(C)CC2CC12O,8.470294952392578
N=C(C#C)N1CC(=O)C1,5.050058841705322
COC(C)(CO)CC#C,8.055280685424805
OC1C2C3C4C1C2CN34,8.16829776763916
CC1C=CCC(O)C=C1,6.611350059509277
O=C1CCC2C1C1CN21,5.679937362670898
O=CC12CCC1OC2,5.931849479675293
CN=C1OC2C(CO)C12,7.054488182067871
Cc1c(nco1)CCO,6.423839569091797
CC1N2CC1(C#N)C2C,7.489048957824707
O=C1CC2C3NC3C2C1,6.040695667266846
OC1CC2CC(=O)C1N2,5.936062812805176
CC12CC3(CC3)C1CO2,8.663777351379395
CC(C)OC1(CC1)C#C,7.837149620056152
CCC(O)C1(CO1)C=O,6.039515972137451
c1coc(=O)c(c1N)N,4.525521278381348
ON=C1C2C3C2C1C3O,6.576388359069824
O=C1C2CC3(COC13)O2,6.1422247886657715
CC12CC(C1)C(=O)NC2,7.20337438583374
CC(CCC#N)CC=O,6.401433944702148
C1C2OC22COCCC12,8.364445686340332
CNC(C)(C#N)C1CO1,7.5683722496032715
CC1(O)C2CCC1C=C2,6.61529541015625
Cc1cnc(o1)NC,6.141641139984131
OC1C(O)C1(C)C1CC1,8.19295883178711
C#CC(=O)CCC(=O)N,5.5658159255981445
OC1CC11C(O)CC1=O,5.860463619232178
Cn1c2c(cn1)nco2,5.921090126037598
c1c[nH]c(=O)cc1C=O,4.854062080383301
CC1CC2=C(O1)C=CN2,5.627352237701416
C1OC2C3CC1COC23,8.404637336730957
OC1CCN(C=O)C1=N,6.162082672119141
CC1CC(O)C(C=O)=C1,5.349802494049072
CN1CC(C=O)C1C=O,5.073647499084473
CCOC1COC1C#C,7.4934844970703125
CNCC(C=O)C#N,5.470367908477783
CCC(CC)C(=O)OC,7.506166458129883
CN1C2C3OC2(C#C)C13,6.5869317054748535
CCC1C2C=CC(=O)C12,5.098154067993164
C1C2C3C2C2CC3OC12,8.848209381103516
CCC1CNC(=O)C1=O,4.961558818817139
CC1(CCC11CO1)C#N,8.27785587310791
CC12C3N1CC2CC3=O,5.9438700675964355
CC1CCOC2CC1C2,8.8935546875
[NH3+]C1C=CCC1C([O-])=O,4.922654628753662
CCC12CN1CCC2O,8.063071250915527
OC1C2CC1(O)C(O)C2,8.314469337463379
ON=C1COCC11CN1,6.749464988708496
C1C2CCOCCOC12,8.353123664855957
CCC(C)(O)C(C)C=O,6.097370147705078
CC1=CC(C#C)N2CC12,6.158574104309082
OCCOC1CC(O)C1,8.42978286743164
CC1C2C3CC2C2C3N12,8.107993125915527
CCc1c(cc([nH]1)C)N,6.00754976272583
NC(=O)C12CC(C1)O2,7.176206111907959
CN1C=NOC(=O)C1=N,4.916704177856445
CCC1CC2CC(C1)O2,8.564988136291504
CCC(O)(CC)C1CO1,8.953042030334473
OC1CC11CNC1=O,7.2286295890808105
CC(=O)CCC(=O)CO,5.859421730041504
CCC(=NO)C1OC1C,6.8004560470581055
COCC(O)C(C)C#C,8.14677619934082
[NH3+]C1(CC=CC1)C([O-])=O,6.085739612579346
C1CN1C1C2C3CC1N23,8.070633888244629
OC1=CC(=N)C(O)=CN1,4.946707248687744
CC(C)(C(=O)C(=O)N)O,4.768643856048584
OCC1NC1(CO)C=O,6.008586883544922
CCC(=O)CC(C)C=O,5.811585903167725
CC(C)N=C1OCC1N,7.320465087890625
CC1=NCC=CCCO1,6.559184551239014
C1CC(C1)OC2CC2,8.648670196533203
N#CCC12CC1CC=C2,6.705904483795166
CCC(C)N(C=N)C=O,6.331250190734863
OC1C2NCC(=O)NC12,6.825353145599365
O=CC12C=CC3CN1C23,5.038177490234375
CCNC(=O)C1CCO1,7.1709675788879395
CCOC(C=O)C(C)C,5.990881443023682
C1C=CC(=O)CNC1=O,5.033046722412109
C#CC1COCCC=C1,6.892569541931152
CNc1cc(cnc1)O,5.110015869140625
CCC1=CCOC1=O,6.2262067794799805
CC(O)CC12CC(C1)O2,8.43809700012207
CC1=CCOC(=N)OC1,6.647369861602783
OCC12NCC1OC2=N,6.925994396209717
c1c(cn[nH]1)C(=O)CO,5.338825225830078
CCN1CC(=NO)C=C1,5.106875419616699
N#CC1N2CC2C11CC1,7.257159233093262
Cc1[nH]c(=O)c(cn1)N,5.044668674468994
c1[nH]c(c(n1)O)NC=O,5.497739791870117
OC1COCC(O)C=C1,6.736860275268555
CC12OC3(CO)CC1C23,8.170257568359375
Cc1nc(co1)NC=O,5.629799842834473
C#CCOC12CC1CC2,7.508673667907715
C1CCC(C1)OCC=O,6.215569019317627
COCC1CC(C)C1=O,6.017738342285156
CCN1C(C)C1C#CC,6.9270429611206055
CC1C2C(=O)C(O)C12O,6.059268951416016
CCCc1cocn1,6.6166205406188965
CC1(C)OC1CC=O,6.181862831115723
NC12CC1(OC2=O)C#C,6.113729000091553
CC12CC(C)(C1)C1NC21,8.655108451843262
N#CC1C2C3CC1OC23,7.578617572784424
CC(C)(C)C1OCC1=O,5.940985202789307
OC1CC1C(=O)CC#C,6.063082218170166
COC12CC1OC21CC1,8.038921356201172
CC12NC1C1C(C#N)C21,6.625189304351807
CC(O)C1CC2(C)CN12,8.025628089904785
C1CC2C=CC3NC23C1,6.5050201416015625
CC(O)C12CC1C1NC21,7.545525550842285
N=C1CN(CCO1)C=O,5.971410274505615
COCc1nccnn1,4.802012920379639
CCC1=CC(=NO)CC1,5.644755840301514
CCOC1C2NC2C1O,8.148303985595703
CC(CCC#C)N1CC1,7.785549163818359
OCC1=CC(=O)C(O)C1,5.124866008758545
CN1CC11C2CC1O2,8.468170166015625
O=C1NC2C3N=CN1C23,5.793315887451172
CC1C2CC2(CO)C1C,8.733490943908691
CC1CC(O)C(N1)C#N,7.27451753616333
CC1(COCC1=O)C,5.9179558753967285
CCC1CC2(CC2)C=C1,6.675414085388184
CC12CC(C1)NC2=O,6.8514790534973145
C1C(=NCC#N)OCO1,7.081928253173828
CCC(=O)COC(C)C,6.290863990783691
O=CC12C3OC4C(C14)C23,5.521156311035156
CC12OC1CC=CC2O,6.7835845947265625
O=C1CNC11CC2CC12,5.5204901695251465
C#CC12CC1N=COC2,6.7295026779174805
CC1=CC(=O)N(C1)C=O,5.565314769744873
O=CCC1C2CN1C2,5.913147926330566
OC12C3CC1C=CC2O3,6.433180809020996
C1CC1C(=O)C(=O)C=O,3.774833917617798
CC12OC3CCC1C23C,8.163357734680176
CC(C)C1OC1CC#N,8.492568016052246
COCC12OC1CC2=O,5.8141045570373535
CC12OC1C1CC21C#N,7.140267848968506
COCC1CC2(CO2)C1,8.832192420959473
CC1C2CC(=O)N(C)C12,6.7230119705200195
CC12CC3(C)C1C1C2N31,8.143951416015625
CC1(OCCCO1)C=O,5.71109676361084
CC1C2N1CC2(O)CO,7.546122074127197
N=C(C#N)N1C2CC1C2,5.575968265533447
OC12C3N=C4CC1N4C23,4.478659629821777
NC1=C(C=CO1)C1CO1,6.072772026062012
C1CC(C1)OC(=O)CN,6.907397747039795
C1C2CCOC3CC2C13,8.80294418334961
CC1=CC(=O)C2(O)CC12,5.165904998779297
CC1C2NC=CC(=O)C12,5.026311874389648
CCC1NC1C(=O)CC,6.141157627105713
C1OC23CC(CC=C2)C13,6.17083215713501
OCCC(=O)C(O)C#N,6.2122721672058105
O=CCC12CN3C1CC23,5.92030668258667
CC1(O)CCC(C)(O)C1,8.628400802612305
N#CC1NC2C3NC3C12,6.828080177307129
C(CO)N=COCC=O,6.169308662414551
CC1CC23NC12CC=C3,5.910107135772705
CC(O)C(C#N)N1CC1,7.699522495269775
C1OC2CC1OCC2,8.482168197631836
OC1C2NC3C1(O)C23O,7.52822732925415
Cc1cc(nn1C)CO,6.717968463897705
CC1(C)C2OCOC12,8.642670631408691
CC1C(=O)CC1(O)C#C,5.929932117462158
O=CC1=CC2CCC1C2,5.269900321960449
CC12COCC1N=CO2,7.342627048492432
O=C1OC2C3CC=C1C23,5.469939231872559
CC12C3C1C1CC3C2C1,8.963035583496094
CCCC1C2OC2C1O,8.714685440063477
CCN=C1OCC1O,7.307671546936035
CC1=CCOC12CC2,6.462698936462402
CC1=CC2CC1C(=O)O2,6.315664291381836
CC(O)C12CC(C)(C1)O2,8.370774269104004
CCC(CC#N)C1CC1,8.95068359375
c1c(n[nH]n1)CCC=O,5.7896623611450195
CC1CC2(CC2)NC1=O,6.757251739501953
CC1(C)C2N3CC2(O)C13,7.712950706481934
O=C1COC2(CC12)C#N,5.674835205078125
OCC1CN(C=N)C1=O,6.072152614593506
CC1CC=CC2(C)OC12,6.954736709594727
COC1(C=O)C2CC1N2,5.446683883666992
C1CCN(C1)C(=O)CO,6.817052364349365
CC(=NO)C1CC(=O)O1,6.524347305297852
CC12C3C(O)C1(O)CN23,7.583987712860107
O=COC12CC1C(=O)C2,5.9618024826049805
CC1C2CC3OC2C13,8.854249000549316
CNC(=O)C1CNC1=O,6.943145275115967
CC1(CC(O)C1=O)C#C,5.926949977874756
CC1=CC2COC1CO2,6.642371654510498
OCC1(O)CCC11CC1,8.498154640197754
CN1C2CC3(O)CC3C12,7.605409622192383
C1C=CCN1CC=O,5.404551982879639
CC1CCOC(C)(C)C1,8.802877426147461
C1CC12CC=CCC2=O,5.986078262329102
COC(C#N)C1(N)CC1,7.3307719230651855
CC1OCC(O)C1(C)C,8.531950950622559
CC(O)CCC#CC=O,5.655144214630127
CC1CC2CC2CC1=O,6.015640735626221
N=C1CC23CC2(CC3)O1,7.389443874359131
CC1=NC2CC2CCO1,6.848158836364746
CCC1CC(=O)C2CN12,5.865772247314453
CCOCCNCC#N,7.407257080078125
CCC1(C)CC1C#CC,7.83896541595459
OCC1OC2C(C#N)C12,7.3531999588012695
OC1C(=O)CCNC1=O,5.906665802001953
c1c(c(on1)N)C2CC2,6.108049392700195
CC1CC2(O)CC2(C)O1,8.498563766479492
COC1CC2(O)CCC12,8.531890869140625
CC1(CO1)C(O)CC#C,8.013951301574707
OC12C3NC3C3C1CC23,8.102129936218262
Cc1cc([nH]n1)COC,6.924663066864014
OC1CC2C(C=O)C12O,5.892541408538818
CC1CC(C#C)C(C)O1,8.10108470916748
N#CCC1C2C3NC3C12,7.224478244781494
CC12CCC(O1)C2C#N,7.875406265258789
O=CCCC1(CO1)C#C,6.014154434204102
CCOC1(CO)CC1O,8.448860168457031
O=CC1CCC11CCO1,5.70992374420166
OC1CC23CC4N2CC134,7.528962135314941
Cc1cc2n(n1)CCO2,6.705038070678711
CC(C1C[NH2+]1)C([O-])=O,7.145020961761475
N=COCC#CC1CC1,7.108865737915039
CC12CN(CC1N2)C=O,6.18703556060791
CC1C(=O)NC11CC1O,7.044410228729248
CCC(CC)OC1CC1,8.885796546936035
COCC1(C)C(O)C1O,8.227283477783203
Cc1cnc(nc1)NC,5.321382999420166
COC=NC1CC=CC1,6.533759117126465
CNC12CN=C3NC1C23,5.383152961730957
C1C2CC3OCC=C3C12,6.176137924194336
OC12CC3C(C1)N3CC2,8.365937232971191
CC1OC23CC12C=CC3,6.237671375274658
CC1CCCOCC1O,8.81641960144043
C(C1CO1)C1=CON=C1,6.633056640625
NC(=O)OC12CC(C1)C2,8.32470417022705
CN1C2CC1C2(C)O,7.776623725891113
C1C=CC(=O)COC=N1,4.972204685211182
N=COC1CC2OC12,7.371842384338379
CC(C)(C)NC(=O)OC,8.383780479431152
CC(CC1(O)CC1)C#N,8.443068504333496
O=C1CC2OC3CC12C3,5.714417457580566
CC1N2C3C2C1(C)C3O,8.150952339172363
C1OC=NC2C3OC1C23,6.612043857574463
NC1=C(NC=N1)OC=N,5.534665584564209
OCC1=CCC2CC1C2,6.816943168640137
Cc1ccccc(=O)c1,4.30047082901001
CCN=C(CCO)OC,7.359745502471924
O=C1CCC(OC1)C#C,5.952123165130615
CC(C)C1(CC1)C(=O)N,7.321789741516113
CCc1c(c[nH]c1C)C,6.524755001068115
CCC12CCC3C1OC23,8.551956176757812
CC1CCC2=CNC=C12,6.318109512329102
CC1C(NC=O)C1C=O,6.053628444671631
C1CC2C1C1COC2C1,8.84941577911377
CCC1=CCC(=O)NC1,6.372931957244873
CC1OCOC11CC1,8.702568054199219
CC1CC(C)=CC1CO,7.0318922996521
Cc1c([nH]cn1)CO,6.5242438316345215
CCCC1(CC1)OCC,8.78845500946045
CCC1(CO)C2COC12,8.295247077941895
CC1C2CCC(C=O)N12,5.6590118408203125
CCCC12CC(C1)C2=O,6.56422758102417
CC1C2C=CC1(O)C2O,6.556672096252441
NC(=O)C12CCC1CC2,7.3288469314575195
CC1(O)C2C3CC2(O)C13,8.320087432861328
CC12COCC1OC2=N,7.677957534790039
CC12CN1C(CCO)C2,7.954555511474609
O=CC1C2NC2C11CN1,5.527586460113525
CN=C1ON=C(O)C=C1,4.5571608543396
CCC1=NC(C)CCO1,7.337610721588135
C1COC(=O)CC(=O)N1,6.475836277008057
COC12CCC3C1OC23,8.37254810333252
CC1C2OC2CNC1=O,7.145581245422363
C1C2OCC3C4CC23N14,6.923178195953369
C1CCCC2(CC1)CC2,9.398014068603516
CCC(=O)n1cccc1,5.382445812225342
CN(C)C(=O)C1CN1C,6.173008918762207
CC(=O)CC(C#C)C#C,6.144704341888428
OC12CC3(O)C1CC23O,7.841939449310303
CC1C2CC1C2C(C)=O,6.137223720550537
c1nc(c(n1C=O)N)O,4.353438854217529
CC(C1OC1C)C(N)=O,7.476296424865723
CC12CC(C)(C1)C2C#N,8.769776344299316
OC1CC(O)C(=O)C=C1,4.8752665519714355
C1CC2CC3NC3C2=C1,6.3437395095825195
CC1C(C)N2C1CC2=O,6.138348579406738
COC(=O)n1nccn1,6.173076152801514
OC1CC2C(=O)CC12O,6.103443145751953
CC12CN1CC(=O)C2,5.331961631774902
OCCOC1CN=CO1,7.2958502769470215
OC1(CNCC1=O)C#N,5.471503257751465
OC12CCC3C=CC1C23,6.372318744659424
OC12CC3(O)C(CC13)C2,8.196833610534668
OC1CCC2=C1ON=N2,5.20953369140625
CC(=O)C1C=CNC1=O,4.820650100708008
COC(C)C1OC1(C)C,8.802277565002441
C1C=CC2COCOC12,7.02565860748291
OC1C2C(=O)CC12C#N,6.088895797729492
OC12CNC1=NCC2,6.478191375732422
CC1=NC(=N)N=C(N)O1,5.150286674499512
C1CC1CC(C=O)C=O,5.624117374420166
CCC1N2CC1(C2)C#N,7.327175140380859
Cc1cncoc1=NC,4.993940353393555
CC1(CC1)C1(CO1)C#N,8.17606258392334
CC1CCCC(O)C=C1,7.044869899749756
CC1(C)C2CC1(CO)C2,8.841885566711426
COC(C)(CO)CC=O,6.188583850860596
CC(O)CC1=CN=CN1,6.639822483062744
Cc1c(n2c(n1)CC2)O,6.6241912841796875
CC(CO)C1(CN1)C=O,6.055668830871582
CC1=CC2C3CCC1C23,6.484315395355225
c1cc(oc1CCO)N,5.910617828369141
CC1=CNC(=O)CCC1,5.822157382965088
CCCC(CO)C#N,8.52015209197998
CN1C=NC2CC12C#N,6.3124542236328125
CC12CC(N)C1(O2)C#N,6.9453444480896
COC1(CC1C)C(N)=O,7.419004917144775
O=C1CN2CCC1C2,5.416505336761475
C(C=O)N=CNCC#N,5.577021598815918
CC1OCOC1C#C,7.855492115020752
C1CC(=O)C(C(=O)C1)O,5.201119899749756
COC1CCOC=NC1,6.8959503173828125
C1N2C3C=CCC=C1C23,5.510554790496826
Cc1c([nH]nc1O)C,6.717803955078125
OC1C2CC2C2CC1C2,8.839852333068848
CC1OC2CC(C)CC12,8.55560302734375
C1OC2C3CNC12CO3,7.455112457275391
ON=C1CC2(CN2)C=C1,5.844359874725342
NC(=O)C12CC(O1)C2O,6.9416422843933105
C(CCC(=O)N)CCO,7.6302289962768555
CCC(C#C)C1CC1O,8.042842864990234
N=C1NN=C(C=O)C=C1,4.305713176727295
OCC1(CC2CC12)C=O,6.0933356285095215
CC1(O)C=CC2OCC12,6.590106964111328
CN1CC23CC(C)(C2)C13,7.561413764953613
CC12CC3N1C2CC3=O,6.009678363800049
CCC1CC1C1CCC1,9.453742027282715
CC1(O)CNCC1=O,5.530423641204834
OC1C2NCC1(O)C2=O,5.641606330871582
CC1(CC(C1)C2CC2)C,9.413480758666992
C1CC1(CO)C(=O)C=O,4.079650402069092
CCC(=NO)C1(CC1)C,6.7722320556640625
NC(=O)N1CC2CC2C1,7.594551086425781
CNC(=O)COC1CC1,7.35410213470459
C1NC1C#CC1CO1,7.431800365447998
CC1COC1=NCC#C,7.4779181480407715
NC1(CC1(O)CO)C#N,7.420268535614014
CCC(=O)C(C#C)C#N,5.997518539428711
CN=C1OC=NC(O)=C1,5.405548572540283
CC1=C(C)C(O)CC1O,6.820404052734375
C1C23CCOC12C=CC3,6.46941614151001
CC1(O)C2CC(CO)C12,8.581219673156738
C1OC11CN=C2NCC12,6.461852073669434
COC(CO)C1(C)CC1,8.785000801086426
CC1=NC(CCO1)C#C,6.884882926940918
CC(O)C1=CC2NC2C1,6.535396099090576
CCC1(O)C=CCC1O,7.05743932723999
CC12OCC1C2CCO,8.40289306640625
COC1C2CC=C(C)C12,6.725549221038818
Cn1c(=O)c(=O)[nH]cn1,5.399835109710693
CC1CC2(CN2)C2NC12,8.211369514465332
CC1C(O)C(C#C)C1=O,5.845170021057129
CCC1COC1C=O,6.001959800720215
COC1C2CC=CC12,6.655651092529297
CC1C2C1C(C)CC2C,9.482184410095215
CC1CC(=O)C=CC=C1,4.344998359680176
CC1=CC(=O)C(O)C1=O,4.5004072189331055
CC1=CC(=O)C2(C)CC12,5.043875694274902
C1CC2OCCC3C1C23,8.57121753692627
CCn1cncc1C=O,5.4372992515563965
CC(OCC1CC1)C=O,6.063657283782959
N=COC12CC1OC2,7.100738525390625
N#CC12CN3C(CC1)C23,7.105472564697266
C#CC1=CC2OCC1O2,5.348820209503174
CC1(C)CC2OC=NC12,6.979825019836426
CC12CC3C1N3C21CC1,8.540077209472656
CC1C(C)C1C(O)C=O,6.021090030670166
COC1CC23CC(C2)C13,8.5029935836792
CN(CC=O)CC#N,6.753167152404785
CN=C(C#N)N1CC1C,5.7621541023254395
CC1C2C3N2C(=O)C13C,6.277182102203369
CC12OC3C1C(C=O)C23,5.915181636810303
CC(O)C1=CCOC1C,6.538402557373047
CC1NC2C1OCC2=O,6.084801197052002
CC1(CN1)C1OCC1O,8.348347663879395
O=C(C#N)C1CC2OC12,4.896242618560791
c1cc(c(=O)cnc1)N,4.012935638427734
Cc1cc(=O)c(c[nH]1)N,4.981817722320557
COC1CCOC(=N)O1,8.072067260742188
OC1CCC1(O)C1CN1,7.8942790031433105
OC1C2CC2(O)C11CO1,8.31893253326416
COC1CN2CC12C#N,6.993509769439697
CC1C2CC3C2N3C1=O,6.182303428649902
CN1C2C1C(=O)CC2=O,5.331550121307373
CN1CC2(C)OC(=O)C12,6.592170238494873
CC1C(O)C(=O)C11CO1,5.315568447113037
CC12COC(C)(C1)C=C2,6.7211079597473145
O=C1CC23CNC2C1O3,5.407557964324951
CC1(C#N)C2C3CN3C12,7.035797595977783
OCCCOC(=N)C=O,5.501914024353027
CCCN1CC1CC#N,7.3894429206848145
OCC12OC1CC21CC1,8.395538330078125
CC1=CCC2OCC12,6.841144561767578
COC=NC1CC1(C)C,7.113837718963623
C1OC2CCC=CCC12,7.0367021560668945
Cc1c(c(n[nH]1)C=O)O,4.901803493499756
COC1(CC1)C1NC1,8.523686408996582
C1COCC(CO1)CO,8.885589599609375
c1c2c(c[nH]1)CC=CC2,5.390869140625
O=CC1C2CC1C2C=O,5.6216325759887695
COC1CCCC(C)C1,8.892581939697266
CN=C1OC(=O)C(N)=C1,4.841577053070068
COc1ccc(o1)OC,6.1060333251953125
COc1coc(c1N)N,5.921344757080078
CC(C=O)C1CC1CO,6.086056232452393
CC1C(CC1=O)OC=N,6.3107757568359375
CN(CCC#N)CC=O,6.51361083984375
COCC1C2OC=NC12,7.033326148986816
C1C2OC3COCC3C12,8.602556228637695
c1c2c(no1)CCOC2,6.227738857269287
CC12OC1CC2(O)C#C,7.2151198387146
N=C1CC(=N)OC(=O)N1,6.152383327484131
CC(=O)C12CC1(C)OC2,5.8895039558410645
CC1(C2CC1O2)C(N)=O,7.086043357849121
C1CC1(CC=O)C#N,6.08941125869751
O=C1C2NC3CC2NC13,5.465857982635498
C#CC1C2NC1C1OC21,6.7591938972473145
OCCC1C2C3OC1C23,8.06254768371582
CC(=NO)C1(CN1)C#C,6.424320697784424
OC1CC(CC#C)C1O,8.218555450439453
CC1C2C=C(C)CC12C,6.555012226104736
CC(C)(O)C1CN2CC12,8.087010383605957
C1CC(C1)C1CCCO1,8.97120189666748
CC12C3CN3C1CC2=O,5.574785232543945
CC1(CC1)OC(=N)C=O,5.203938961029053
COc1nccc(n1)O,5.805586814880371
C#CC1CC2OCC=C12,6.536482810974121
CC1C2CC(C2)C1O,8.838746070861816
CN(C=O)C(=O)COC,5.941097736358643
COCC(=O)NCC#N,7.405474662780762
NC1=NC2CCC2O1,7.299821376800537
CN1C2C3C=CC1(C)C23,5.822654724121094
CCN=C1C(CO1)(C)C,6.989129543304443
CC12CCC1(O)CC2O,8.270230293273926
CC1C2(C)CCC12CO,8.573272705078125
CC#CC1CC=CC1=O,5.145645618438721
CCC1(O)C(O)CC1=O,5.902017593383789
C1CNc2c1onc2N,5.822696685791016
C1CC(=O)C(=C1C=O)N,4.512095928192139
O=C1NCC2OCOC12,7.221404552459717
N=C1OCC2CCC2=C1,6.094764709472656
CC1CC2(C)CN3C1C23,8.063318252563477
O=C1OCC2CC12C#N,7.1727094650268555
CC1OC2C3CCC3C12,8.365947723388672
CC1=NN2C3CC3C2=C1,6.061213970184326
CC12COC1(CO2)C#C,6.799469947814941
CC1CN=C2OCC12,6.923057556152344
CC#CC(C)C(O)C=O,6.177924633026123
CC12OCC34CN(C13)C24,7.844244956970215
Cc1c(ncoc1=O)C,5.189324855804443
COC1CN2CC12CO,8.162232398986816
CC(CCO)C(=O)C=O,4.202235698699951
CC(C)OC(C)CC=O,6.322542190551758
O=C1CC2NC2(C1)C#N,5.835870265960693
COC1C2CC1(O)C2O,8.41079330444336
CC1CC2(CC2)CC1=O,6.077876567840576
c1cc(oc1)C#CCO,5.695225715637207
C1CC2(CC1=O)COC2,5.931741237640381
CC1C2CN1C2(C)C=O,5.658215522766113
CC1CCC([NH2+]1)C([O-])=O,7.296417713165283
CC1(O)C(NC1=N)C#N,6.837856292724609
CCC#CCC(C)CC,8.176021575927734
CC1N=COC2C(O)C12,7.001519680023193
CC#CC(CCO)C#C,7.8326005935668945
CN=C1CCC(CO)O1,7.581836223602295
CC1C2C1C1C(C)OC21,8.398024559020996
C1C2NC3=COC=C3C12,5.710954189300537
N#CC1C2C3CCN2C13,7.271589756011963
COC1CC11CC2NC12,8.267806053161621
OC12CCC1NCC2=O,5.774176597595215
C1CC1C12C3C4C1N4C23,7.701303958892822
O=C1CC2NC2C2CN12,6.449762344360352
OCC(=O)C1CCC=C1,5.824112415313721
OC1CC2OC12CC#N,7.821188926696777
C1CC11CCC2(CO2)C1,8.710060119628906
CC1C(CC1C=O)C=O,5.820250511169434
CC12CC1C=CCC2O,6.814159393310547
CC#Cc1c(con1)C,5.690938949584961
CC(=O)C1(CC1O)C#C,5.699751377105713
N#CC1CNCCCO1,7.133129596710205
CC1C=CC2OC2C1C,6.904203414916992
OCC12CN3CC(O1)C23,7.796755313873291
CC1CNC(=O)C1O,7.226861476898193
CN1C2C1C1OCOC21,8.227800369262695
OC12COC1CC21CN1,7.953718662261963
Cn1c(cnc1O)C#N,5.465307712554932
CC1CC(CO)CC=C1,7.203190326690674
CC1(CO)OC11COC1,8.186951637268066
O=CN1CC(C1)C1CO1,7.211261749267578
CN=C1C(=NO)CCO1,5.707884788513184
CC1COCC11CN1,8.578096389770508
COC1C(NC1=N)C=O,5.567194938659668
CCOC1CCC(C)C1,8.83248233795166
CC1OC2CCC1(C)O2,8.630297660827637
Cc1ccc(o1)NC,5.802182674407959
CC1COC(=O)C1C,7.3567214012146
CC12C(CO)C3C1CC23,8.68460750579834
C1N=C2OC3C4NC13C24,4.144851207733154
OC1CCC(O)C1C=O,6.059680461883545
CC1C2C3OC3(C=O)C12,5.999213695526123
CC1(C)C(O)C1C1CO1,8.783595085144043
CC(=O)CC1COC=N1,6.208831310272217
CCC1C(C)C(C)C1O,8.427773475646973
CCC1(C)CCC=CC1,7.116211891174316
CC1(O)CC11OCC1O,8.02614688873291
CC(C)(C#N)NC(=O)N,7.819652080535889
COCC1OCOC1=N,7.583610534667969
CC1(O)CCC(CO)C1,8.765910148620605
OC1CCC2(CC2)C1,8.841781616210938
C1N=C2OCCC3C1N23,5.592006206512451
O=C1C2CC3C4C3N2C14,5.896869659423828
CC(C)C(O)C#CC#N,6.361278533935547
N=COC(=O)CCC#N,6.933851718902588
O=CC1C2CC3(CC3)N12,5.789983749389648
CC12OC1C1C(O)CC21,8.152685165405273
OC1C2CC(O2)C11CC1,8.267515182495117
CCC1CC2OC2C1,9.161111831665039
CC1CNCC(=O)C1O,5.2305474281311035
C1C2CC3NC3C1O2,8.183540344238281
CC1(C)C(CO)C1CO,8.629403114318848
CC(=O)CC1=NCCO1,5.752465724945068
CCC1CN(C1)CC#N,7.22376012802124
COC1C(C=O)C1C=O,5.542425155639648
CC(CC=O)CC(N)=O,6.052430629730225
CNC1=CC(=N)OC=C1,4.645314693450928
CCC(C#C)C(=O)NC,7.241522789001465
CC1NC1(C=O)C1CC1,6.031001567840576
NC(=O)C(CO)C1CN1,7.177513122558594
CC1(CCC1)OCCO,8.817451477050781
CC1C2OC(=O)C1C2C,7.378626823425293
CC1CCC2(CO2)C1O,8.807999610900879
C1CC2(C1)COC=N2,7.178469181060791
C1C2CCC3=CCOC123,6.0398783683776855
OC12C3C=C4CC1C4C23,4.829540729522705
CC1N2C3C(O)C2C13O,7.83321475982666
CCC1OCCC1=NO,6.783696174621582
CCC1C2C3C1CC23O,8.5848970413208
COC1C2(C)CC1(C)C2,8.684616088867188
CC1=CC2CC(O2)C=C1,5.901291370391846
O=C1CNCC1C#C,5.6188764572143555
CCC1(CC#CC)CO1,8.038148880004883
CN=COC1COC1=O,6.69009256362915
CC1C2C(=O)C1C21CN1,5.723247528076172
CCC(N)(C#N)C(N)=O,7.0586256980896
OCC1CC2(CO2)C1O,8.596826553344727
COC(C=O)(C#C)C#C,5.865901947021484
CC1(C)CC1OC1CC1,9.092229843139648
CC12CC3(C)C1C=CC23,6.508437156677246
CN=C(C=O)OCC=O,4.931283473968506
c1nc(c(o1)N)CC=O,5.03954553604126
O=C1CCC(=O)C2CC12,5.636919975280762
O=CC1CC2(CO2)C1,6.074000358581543
CCc1cc(n[nH]1)O,6.568711280822754
N#CC12NC1C1CC2C1,6.859458923339844
C1C2C3CC4C(CN24)N13,7.8284735679626465
CN=C1OC(C)C1C#N,7.20929479598999
CCOC1(CCCC1)C,8.792861938476562
C1CC1OCCOC=O,7.481384754180908
CC(C=O)C1=NC=CN1,5.35734224319458
CC1(CN(C1)C=O)CO,6.74828577041626
CC1CC(CO)(N1)C#N,7.443220615386963
CC1=CC2OC2CCC1,6.619479179382324
O=C1C(C#C)C2CCN12,6.321186065673828
CC1C=C(C)CC1O,6.891478061676025
C1C2CCOC=NC12,6.685222148895264
CC(OCC1CC1)C#N,8.083854675292969
CCC1(CO)NC1C=O,5.923384666442871
CC12C3OC3C1NC2=O,6.718894958496094
CC1NC1C(=N)OC=O,6.432112693786621
COCCC1CCC1C,9.0366849899292
CC1=CC(=O)CCCC1,5.295281887054443
N=C1OCC2OC(=O)C12,6.525169849395752
CC1C(O)C1C(O)CO,8.167600631713867
Cc1cnccc1O,5.721853733062744
CC1=C(CCC1=O)N,5.397003650665283
CC1(C)CCOC1C=O,5.93594217300415
COCC12NC1CC2=O,5.870272159576416
COC12CCC1(O)C2C,8.28954792022705
CCN=c1ncnno1,4.651567459106445
CC1CC(O)C(=O)N1,7.305209636688232
CCOC(=O)C(O)CC,7.351626396179199
O=C1CC(CC2CO2)C1,6.692394733428955
CC1OC2CCC12C=O,5.9470415115356445
CC1C(O)C1(N)CC#N,7.3316545486450195
CC12CC1N1CC21C#N,6.642858505249023
CC12C(CC1=O)N2C=O,5.66552734375
N=C1NC(NC=O)=CO1,5.413476467132568
COC(C#N)C(C)C,8.080737113952637
N=C1NC(C#N)C11CO1,6.973743915557861
OC1C=C2CN3C1C23,5.204837799072266
CC12COC1(C)C(=O)C2,5.856437683105469
CC(O)C(C)CC#N,8.419142723083496
O=C1CC2CCC(=O)N12,5.921821117401123
CC(OCCC#C)C#N,7.635804176330566
CCC1C(O)C2(C)CN12,7.8667826652526855
CC(=O)Cc1cnn[nH]1,5.685206890106201
COC12CN(C1)C21CC1,8.28640365600586
CC12CC3C1OC(=O)C23,7.115817070007324
Cc1c2c(c[nH]1)onn2,5.253080368041992
OC1CCC(CC#N)=C1,7.077402114868164
CC1(O)C2CCCOC12,8.239375114440918
CC#CC(=NO)C#CC,5.037064075469971
c1conc1C2COC2,6.58651876449585
CC(=O)C#CCNC=O,5.262006759643555
N=C1OC2CC3CC12O3,7.355623722076416
CCC(C)(O)CC#N,8.502660751342773
C[NH+]=C(N)C(C)C([O-])=O,5.6988630294799805
CC1(OCC1=O)C1CC1,5.98669958114624
C1CN1C2(COC2)C=O,5.64271879196167
CC#CC(C)OC(C)C,7.83647346496582
NC(C#N)C1COCO1,7.599936485290527
C1OC2CCCC3NC123,8.246942520141602
CC1=C(C=NO1)C1CN1,6.074285507202148
C#CCC1COC1C#N,7.511147499084473
c1nc(on1)C2CCC2,6.936202049255371
CC1(NC(=O)C1O)C=O,5.611940383911133
CC12CC(C1)(O2)C(N)=O,6.854277610778809
CCC1CCC2CC1O2,8.690893173217773
OC1CC2(O)C=CCC12,6.803590774536133
COC(C)C#CCO,7.770980358123779
CC1OC2CC12CO,8.36965274810791
OCC1C(O)COC1=N,7.565515995025635
CCc1ccncc1O,5.823879718780518
C1CC=CCC(=NO)C1,6.692394733428955
NC1=NC=C(O)C(=N)O1,4.821907043457031
CC1CCC(O)C2CN12,7.995652675628662
CCC1CC2(C)CC12O,8.484865188598633
CCOc1c(c[nH]n1)C,6.815066814422607
COCC12CC(C1)OC2,8.644574165344238
c1c2c([nH]c1N)C=CC2,5.186410427093506
CCC(CC(C)=O)C#N,6.414847373962402
COC12CC3OC1C23C,8.244564056396484
OCC1C(CO)C1CO,8.4158353805542
N=C1CN=C2OCC2O1,6.756326675415039
OC1C2CC1NC(=O)N2,7.719382286071777
CC1C2CC(C=O)C12C,5.8691182136535645
CC1(C)C2CC(=O)NC12,7.022429466247559
C1C2OC3CCC1OC23,7.965245246887207
OC1CC=CC1OC=N,6.730730056762695
c1c(c2c([nH]1)CCO2)N,5.813798427581787
CC1(C)OC2(CC2)C1O,8.333674430847168
CC12CC3CC4C(C13)N24,8.413436889648438
CC12NC3(COC13)C=C2,6.119966506958008
COC1C2OC1C2C#N,7.568272113800049
ON=C1C2CC(C2)C1=O,4.922946453094482
OC1C2CN2C1C1CO1,8.338459014892578
OCC1CCOC1C=O,5.7598724365234375
CC1OCC2C3CN3C12,8.078906059265137
N1C2C3C4C1C2N=CN34,5.013360500335693
CC1OCOCCC1O,8.906631469726562
COCC1(C)CC2CC12,8.735946655273438
COCCC(O)C#N,8.183040618896484
CCCc1ncco1,6.6785993576049805
CNC(=N)C(OC)C#N,6.266031742095947
C1CC23COC12CC=C3,6.0691094398498535
CC1(N)CC1(O)C#N,7.175636291503906
CCC(CO)OCC#N,7.93096399307251
CC1OC=NC2C(O)C12,7.01124382019043
OC12C=CC3(O)CC1C23,6.12235164642334
Cn1ccc2c1C=CC2,5.443215370178223
OC1CC2C(C#C)C12O,7.675861358642578
N=COC1CN2CCC12,6.835740089416504
COC12CC(CC1)C2O,8.502138137817383
CCC(C)C12CC(C1)O2,8.578226089477539
CCN1CCCC1=O,7.319581508636475
O=C1CC2(CC2)C2CC12,6.112171649932861
OC1C2CC11OCC1O2,7.909727573394775
C1C23COC12CC=CC3,6.278749942779541
O=CC1CC(C1)N1CC1,5.912010669708252
OC1(CCCC=C1)C=O,5.7670392990112305
C1CC2OC2C2OC12,8.838361740112305
C1CC1CCCNC=O,7.544486045837402
CC1CC2C3C2C2C3N12,8.059976577758789
CC1=C(C)C2OCC2C1,6.6330671310424805
CC(C)n1c(ncn1)O,6.811457633972168
OC1CN(C1)C(=N)C=O,5.542012691497803
CC(CO)COC(C)=O,6.859104156494141
CCOC(C)C#CC=O,5.536707401275635
N#CC1CCCC11CN1,7.466403484344482
CC1(C)COC(O1)C#C,7.902503967285156
C#CC1CN=C2OCC12,6.633372783660889
CC(=O)c1c(cc[nH]1)O,4.586086273193359
COC(C)C1(CC1)C=O,5.944624423980713
CC1(CC[NH2+]1)C([O-])=O,7.177604675292969
CC1COC1C1CC1,8.71079158782959
NC(C#N)C12CCC1N2,7.302761077880859
c1cn(nc1O)C(=O)N,6.179591178894043
CC(OC=N)C#CC#C,6.493135929107666
CCC1(O)CC(=O)C1C,6.029437065124512
CC1CN(C=O)C(C)=N1,6.0181660652160645
CN1CC(O)C(=O)C1,5.602626323699951
O=CC1C2CN3CC3C12,5.448339939117432
CC1NC(=O)C1CC#N,7.305416107177734
COCCCOCC#C,7.870736598968506
CC1(CO1)C1(CO)CO1,8.866203308105469
OC12CC1C1CCC21O,7.983496189117432
OC12CC1OC1CC21,8.369047164916992
CC1CC2(CC2)C(=N)O1,7.437112331390381
N=CN1CC11COC1=O,6.552380084991455
O=C1CC2(CC12)C1CC1,6.106344223022461
CC12CC1C1(CO1)C2O,8.643922805786133
ON=C1C2CC1C(O)C2,6.7158122062683105
CC1C2C3OCCC3N12,7.972378730773926
CCCC1=CCCC1C,7.003641128540039
CC(O)C(=O)CC(C)=O,5.396677017211914
CC1C=CC(C)C2OC12,6.87337589263916
C1CC11C=C2CN3C2C13,4.549642562866211
CCC(=O)c1ncco1,5.337161540985107
OC1(CC1)C12CC(C1)O2,8.428751945495605
OC1(CC#C)CC1C#N,7.373793601989746
CC1C(=O)CCC1(C)C,6.296850204467773
OC1CC2C3CC12OC3,8.018561363220215
C1C2OC=NC3CN1C23,6.489983081817627
C1N2CC11COC3C2C13,7.885648727416992
CCC#CC1CC(=O)C1,5.992527484893799
COC=NC(CO)C=O,5.82749080657959
O=CC1OCC(C=O)=C1,4.721636772155762
OCC12C3CC1COC23,8.33817195892334
OC1C2OCCC(=O)C12,5.936361789703369
CC1OC(=N)CC11CO1,7.479440689086914
OCC1=CCC2NC12,6.746678352355957
CC(=O)NCC#CC#C,6.335241317749023
CC1(C)NC(=N)NC1=O,6.195369243621826
CC1C=CC(=O)CC1O,5.257555961608887
CCOC(C#N)C(N)=N,6.984863758087158
CN1C2C3(C)CC1C23O,7.780534744262695
Cc1c(cno1)C2CC2,6.342180252075195
O=C1C=CC2CCC1O2,4.964977264404297
O=CN1C=CC2CCC12,6.25653076171875
C1CC(C1)(C2CC2)O,8.758254051208496
CCn1cc(cn1)CO,6.615480422973633
COC12C(C)C1OC2=N,7.237962245941162
OC1C2CC=C(C#N)C12,5.546550273895264
CC1(NC1CO)C1CN1,8.249924659729004
COC1COC1C#CC,7.385615348815918
C1C2NC1C1=C2NN=C1,6.287774562835693
C1NC1C12CC3CN1C23,8.370923042297363
CC1C(O)C11OCC=C1,6.367178440093994
CC1C=C(C)C2CC1C2,6.799145698547363
N=C1NC(=O)CC2NC12,6.439591884613037
CC1C=CC=CCC1O,5.70212459564209
CC(=O)C1CCC1(C)C,6.150847911834717
CCOCC(C)(C)C#N,8.492602348327637
CC(C)OC(C=O)C#N,6.205142498016357
CCC12C(C)C1NC2=O,6.865857124328613
Cc1c(c(ncn1)N)O,5.495502471923828
OC1(COC=N)COC1,7.240477085113525
CCC(C)N1CC1C=O,6.104998588562012
N=C1OCC1C(=O)C=O,4.352784156799316
C1C2CC3C1C21COC31,8.565990447998047
Cn1cc(nc1CO)O,6.385307312011719
CC(C=O)N1CC(O)C1,5.6695990562438965
O=CC1=CC(CC1)C#C,5.12924861907959
CC1(NCCC1=O)C#C,5.671277046203613
CC(O)CC1(CC1)C=O,6.179632186889648
N=C1N(CC11CN1)C=O,6.110471248626709
C1CC(O1)C1=CC=CO1,5.974394798278809
c1cnc(c(=O)[nH]1)CO,4.511687278747559
CC12CC(C1)C(C2)C=O,5.989093780517578
CC12CC1(O)CC2C=O,5.978736400604248
CC(C#N)C1CCC=C1,6.8645100593566895
N=C1C=CC=COC1=O,4.704754829406738
OC12CC(C1)OC2C#C,7.618298530578613
CC1CCC2(CCC2)C1,9.525856018066406
CCC1COC(C)=NC1,7.263594150543213
CC1N=C2CCN2C1=N,5.978489398956299
CN1CC1(C=O)C1CC1,5.512335777282715
OC1C=CC(=O)C11CN1,4.904861927032471
CC1=C(ON=N1)C1CO1,5.524991989135742
OCC(O)C1=CON=C1,6.432567119598389
CN(C)C1=COC(=N)O1,6.379939556121826
CC1N=CN2C(CO)C12,6.74159574508667
ON=C(C#C)C1CCO1,6.2266950607299805
CC1CC2COCC12,8.884976387023926
CC1=C(N=CN1)C1CN1,5.93417501449585
C1C2C=CC3OC12C=C3,5.638967037200928
CC1(CC(=O)C(=N1)N)C,5.101279258728027
CC1CC1(O)C(N)C#N,7.409270763397217
CCC(C)C(=O)C1CO1,6.125154972076416
CC1C(O)C1(C)CC=O,6.128419876098633
CC1C2COC2C1=NO,6.548957347869873
OC1CC(=O)C1CC#C,6.131922245025635
CCOC(C#C)C1CO1,7.702996730804443
Cc1cc(=O)[nH]c(n1)O,5.024540901184082
CCC12CC(CC1C)O2,8.626917839050293
c1c(noc1N2CC2)N,6.063452243804932
CC1C(C)(C)C1(C)C#N,8.343400001525879
O=C1CC2CNC(=O)N12,6.346262454986572
OC12CC(C1)C2CC#N,8.233040809631348
CC1(CC(O)CO1)C#C,7.89734411239624
OC12COC11CCC1C2,8.027347564697266
CCC1OC(=O)C1N,7.153485298156738
CCNC1CC1(O)C#N,6.717055797576904
CC(C)(CC=O)C1CC1,6.138276100158691
CC1(O)CC(C=O)C=C1,5.792584419250488
CC1C(O)C11CC(=O)O1,7.35385274887085
CCC1C2CC1CCC2,9.935651779174805
CNc1cc[nH]c1CO,5.957305431365967
CC(C)(C(=O)N)OC=O,6.448710918426514
CC#CCN=COC,7.298482894897461
CC1C2CC(C)C1(C)O2,8.56167221069336
CC12CC1C1NC(=O)C21,6.726461410522461
CN=COC1CC1C#N,7.354851722717285
CCn1cc(nn1)OC,6.526662349700928
CCC1(C)OC(=N)C1N,7.6976752281188965
C1CC(=O)CC2(C1)CC2,6.100103378295898
N=C1OCC(=O)C2NC12,5.862794399261475
COC1(COC1)C(=O)N,7.17872428894043
C1C2C3CCOCC3N12,7.88820743560791
OC1CC(CC=O)C1=O,4.967933177947998
CC1CC2C3CC2C1O3,8.728738784790039
OCCCC1CC1C=O,6.158234119415283
COc1ccn(c1)C=O,5.211928367614746
CC(C)(C#N)C1CO1,8.537372589111328
C1N2C3COCC=C1C23,5.666391372680664
CC1(CC2(O1)CC2)C,8.808168411254883
CC1(CC2(C1)COC2)O,8.544464111328125
OCC1=CCOC(=N)C1,6.312732219696045
C1OCC11C2C3OC3C12,8.094265937805176
CC12CN3CC(OC1)C23,7.854554653167725
Cn1c(ccc1OC)N,6.127168655395508
OC12CC1N(C2)C=O,6.8319926261901855
OCC1(CC1)C1CCO1,8.624832153320312
CCC12CC(=O)C1C2C,6.073683261871338
Cc1cc(c([nH]1)N)C=O,4.728880405426025
O=C1C2CC1C(=O)NC2,5.586259365081787
OC1(CCN2CC12)C#C,7.199263095855713
COC12CC1(O)CC2O,8.296364784240723
CN1C2C(=O)NCC12C,6.721632480621338
CC(=O)C12C3CC1CN23,5.895371913909912
CC1CC2(C1)OC2C=O,5.987460613250732
C1C2C3OC4CC13C2O4,8.096423149108887
CC(C)c1c([nH]cn1)O,6.4904704093933105
OC1C2CC3(CO3)C12O,8.219766616821289
CC1(C)OC2CC12C#C,7.2408246994018555
C1C=CC(=O)C=CCO1,4.637183666229248
OC1C2CC2(O)C1C=O,5.827908515930176
CC1OC2C(O)C12C#C,7.054304599761963
CC1NC(=O)NC1C#C,7.799475193023682
CCN=C1C(=CCO1)C,5.528508186340332
COC12CC3CC1(C)C23,8.670319557189941
OC(CC#C)CN1CC1,7.662148475646973
CC12CC1C1C(C#C)N21,6.838303565979004
COCC1(O)CCC1=O,5.974666118621826
N#CC1CCC2CC1C2,8.846494674682617
Cc1cc(=O)[nH]c(=O)[nH]1,4.906228065490723
CC(C#C)C([NH3+])C([O-])=O,7.543761730194092
CCCOc1cnco1,6.509551048278809
C1CCN=C(C1)OC=O,6.085135459899902
OC1COCC2CCC12,8.68062686920166
CC1=NCC2NCC2O1,7.088090419769287
CCCC1=CCC(=O)C1,5.902904510498047
O=C1CC23CC2(CC3)O1,6.930485725402832
CCC1(C)CC(N1)C#N,7.40514612197876
